canonical_keyword,suggested_title,category,variant_count,signal_strength,cluster_size,all_variants,merged_from
How to make a map QGIS,How to make a map QGIS,howto,15,high,2,how to make a map in qgis | how to make a map on qgis | how to make a map qgis | how to make a map using qgis | how to make a qgis map | how to make map in qgis | how to make map qgis | how to make map using qgis | how to make maps in qgis | how to create a map in qgis | how to create a map on qgis | how to create a map using qgis | how to create map in qgis | how to create map using qgis | how to create maps in qgis,How to make a map QGIS | How to create a map in QGIS
How to create a shapefile QGIS,How to create a shapefile QGIS,howto,9,high,3,how to create a shapefile in qgis | how to create a shapefile qgis | how to create shapefile in qgis | how to create shapefile qgis | how to create shapefiles in qgis | how to create a new shapefile in qgis | how to create new shapefile in qgis | how to make a shapefile in qgis | how to make shapefile in qgis,How to create a shapefile QGIS | How to create a new shapefile in QGIS | How to make a shapefile in QGIS
How to export an attribute table to excel QGIS,How to export an attribute table to excel QGIS,howto,9,high,3,how to export an attribute table to excel qgis | how to export attribute table from qgis to excel | how to export attribute table to excel in qgis | how to export attribute table to excel qgis | how to export qgis attribute table to excel | how to export attribute table from qgis | how to export attribute table in qgis | how to export attribute table qgis | how to download attribute table in qgis,How to export an attribute table to excel QGIS | How to export attribute table QGIS | How to download attribute table in QGIS
How to add google map in QGIS,How to add google map in QGIS,howto,8,high,4,how to add google map in qgis | how to add google map on qgis | how to add google map to qgis | how to add google maps in qgis | how to add google maps to qgis | how to add google earth map in qgis | how to add google map layer in qgis | how to add google satellite map in qgis,How to add google map in QGIS | How to add google earth map in QGIS | How to add google map layer in QGIS | How to add google satellite map in QGIS
How to export a map in QGIS,How to export a map in QGIS,howto,8,high,2,how to export a map from qgis | how to export a map in qgis | how to export map from qgis | how to export map in qgis | how to export qgis map | how to print a map in qgis | how to print map in qgis | how to print qgis map,How to export a map in QGIS | How to print a map in QGIS
How to merge layers QGIS,How to merge layers QGIS,howto,8,high,6,how to merge layer in qgis | how to merge layers in qgis | how to merge layers qgis | how to combine layers in qgis | how to combine two layers in qgis | how to join layers in qgis | how to join two layers in qgis | how to merge two layers in qgis,How to merge layers QGIS | How to combine layers in QGIS | How to combine two layers in QGIS | How to join layers in QGIS | How to join two layers in QGIS | How to merge two layers in QGIS
How to add a basemap in QGIS,How to add a basemap in QGIS,howto,7,high,1,how to add a basemap in qgis | how to add a basemap to qgis | how to add basemap in qgis | how to add basemap qgis | how to add basemap to qgis | how to add basemaps in qgis | how to add basemaps to qgis,
How to add a map in QGIS,How to add a map in QGIS,howto,7,high,1,how to add a map in qgis | how to add a map to qgis | how to add map in qgis | how to add map on qgis | how to add map to qgis | how to add maps in qgis | how to add maps to qgis,
How to create a polygon in QGIS,How to create a polygon in QGIS,howto,7,high,2,how to create a polygon in qgis | how to create polygon in qgis | how to create polygon qgis | how to create polygons in qgis | how to make a polygon in qgis | how to make polygon in qgis | how to make polygon qgis,How to create a polygon in QGIS | How to make a polygon in QGIS
How to add a point in QGIS,How to add a point in QGIS,howto,6,high,1,how to add a point in qgis | how to add a point on qgis | how to add point in qgis | how to add points in qgis | how to add points on qgis | how to add points to qgis,
How to add google earth in QGIS,How to add google earth in QGIS,howto,6,high,4,how to add google earth in qgis | how to add google earth to qgis | how to add google earth layer in qgis | how to add google earth layer to qgis | how to add google earth basemap in qgis | how to add google earth imagery to qgis,How to add google earth in QGIS | How to add google earth layer in QGIS | How to add google earth basemap in QGIS | How to add google earth imagery to QGIS
How to add points in QGIS with coordinates,How to add points in QGIS with coordinates,howto,6,high,5,how to add points in qgis with coordinates | how to add points with coordinates in qgis | how to add a point in qgis using coordinates | how to add a point with coordinates in qgis | how to add coordinate points in qgis | how to add point coordinates in qgis,How to add points in QGIS with coordinates | How to add a point in QGIS using coordinates | How to add a point with coordinates in QGIS | How to add coordinate points in QGIS | How to add point coordinates in QGIS
qgis 3.4 slope analysis from dem steps tutorial,qgis 3.4 slope analysis from dem steps tutorial,tutorial,6,high,4,qgis 3.4 slope analysis from dem steps tutorial | qgis 3.4 slope analysis from dem tutorial steps | qgis 3.4 slope analysis from dem tutorial | qgis 3.4 slope analysis tutorial from dem | qgis 3.4 slope analysis tutorial | qgis 3.4 slope analysis tutorial steps,qgis 3.4 slope analysis from dem steps tutorial | qgis 3.4 slope analysis from dem tutorial | qgis 3.4 slope analysis tutorial | qgis 3.4 slope analysis tutorial steps
How to add a layer in QGIS,How to add a layer in QGIS,howto,5,high,1,how to add a layer in qgis | how to add layer in qgis | how to add layer to qgis | how to add layers in qgis | how to add layers to qgis,
How to add a legend QGIS,How to add a legend QGIS,howto,5,high,1,how to add a legend in qgis | how to add a legend qgis | how to add legend in qgis | how to add legend qgis | how to add legend to qgis,
How to add a shapefile in QGIS,How to add a shapefile in QGIS,howto,5,high,1,how to add a shapefile in qgis | how to add a shapefile to qgis | how to add shapefile in qgis | how to add shapefile to qgis | how to add shapefiles to qgis,
How to import a shapefile into QGIS,How to import a shapefile into QGIS,howto,5,high,4,how to import a shapefile into qgis | how to import shapefile into qgis | how to import shapefile in qgis | how to import shapefiles into qgis | how to load shapefile in qgis,How to import a shapefile into QGIS | How to import shapefile in QGIS | How to import shapefiles into QGIS | How to load shapefile in QGIS
How to merge polygon in QGIS,How to merge polygon in QGIS,howto,5,high,4,how to merge polygon in qgis | how to merge polygons in qgis | how to combine polygons in qgis | how to merge multiple polygons into one qgis | how to merge two polygons in qgis,How to merge polygon in QGIS | How to combine polygons in QGIS | How to merge multiple polygons into one QGIS | How to merge two polygons in QGIS
How to merge shapefile in QGIS,How to merge shapefile in QGIS,howto,5,high,4,how to merge shapefile in qgis | how to merge shapefiles in qgis | how to combine shapefiles in qgis | how to merge multiple shapefiles into one qgis | how to merge two shapefiles in qgis,How to merge shapefile in QGIS | How to combine shapefiles in QGIS | How to merge multiple shapefiles into one QGIS | How to merge two shapefiles in QGIS
How to rename a field in QGIS attribute table,How to rename a field in QGIS attribute table,howto,5,high,4,how to rename a field in qgis attribute table | how to rename field in qgis attribute table | how to change field name in attribute table qgis | how to edit attribute table in qgis | how to rename field in attribute table qgis,How to rename a field in QGIS attribute table | How to change field name in attribute table QGIS | How to edit attribute table in QGIS | How to rename field in attribute table QGIS
How to change QGIS language,How to change QGIS language,howto,4,medium,1,how to change language in qgis | how to change language on qgis | how to change qgis language | how to change the language in qgis,
How to draw a line in QGIS,How to draw a line in QGIS,howto,4,medium,1,how to draw a line in qgis | how to draw line in qgis | how to draw lines in qgis | how to draw lines on qgis,
How to draw a polygon in QGIS,How to draw a polygon in QGIS,howto,4,medium,1,how to draw a polygon in qgis | how to draw polygon in qgis | how to draw polygon qgis | how to draw polygons in qgis,
How to add a north arrow in QGIS,How to add a north arrow in QGIS,howto,4,medium,2,how to add a north arrow in qgis | how to add north arrow in qgis | how to add north arrow qgis | how to insert a north arrow in qgis,How to add a north arrow in QGIS | How to insert a north arrow in QGIS
How to calculate area of a polygon in QGIS,How to calculate area of a polygon in QGIS,howto,4,medium,2,how to calculate area of a polygon in qgis | how to calculate area of polygon in qgis | how to calculate the area of a polygon in qgis | how to calculate polygon area in qgis,How to calculate area of a polygon in QGIS | How to calculate polygon area in QGIS
How to create a dem in QGIS,How to create a dem in QGIS,howto,4,medium,2,how to create a dem in qgis | how to create dem in qgis | how to make a dem in qgis | how to make dem in qgis,How to create a dem in QGIS | How to make a dem in QGIS
How to export shapefile QGIS,How to export shapefile QGIS,howto,4,medium,3,how to export shapefile from qgis | how to export shapefile qgis | how to download shapefile for qgis | how to extract shapefile in qgis,How to export shapefile QGIS | How to download shapefile for QGIS | How to extract shapefile in QGIS
How to print in QGIS,How to print in QGIS,howto,4,medium,3,how to print from qgis | how to print in qgis | how to download qgis | how to export qgis,How to print in QGIS | How to download QGIS | How to export QGIS
how to connect qgis to postgresql,How to Integrate QGIS with Postgresql,integration,4,medium,3,connect qgis to postgresql | how to connect qgis to postgresql | connect qgis to mysql | qgis connect to database,how to connect qgis to postgresql | connect qgis to mysql | qgis connect to database
How to join attribute tables in QGIS,How to join attribute tables in QGIS,howto,4,medium,4,how to join attribute tables in qgis | how to join two attribute tables in qgis | how to merge attribute tables in qgis | how to merge two attribute tables in qgis,How to join attribute tables in QGIS | How to join two attribute tables in QGIS | How to merge attribute tables in QGIS | How to merge two attribute tables in QGIS
qgis 3d map view how to,qgis 3d map view how to,other,4,medium,4,qgis 3d map view how to | qgis 3d map view how to open | qgis 3d map view how to open view new 3d map view | qgis 3d map view how to use,qgis 3d map view how to | qgis 3d map view how to open | qgis 3d map view how to open view new 3d map view | qgis 3d map view how to use
How to add a base map in QGIS,How to add a base map in QGIS,howto,3,medium,1,how to add a base map in qgis | how to add base map in qgis | how to add base map to qgis,
How to add a csv file to QGIS,How to add a csv file to QGIS,howto,3,medium,1,how to add a csv file to qgis | how to add csv file in qgis | how to add csv file to qgis,
How to add a geodatabase to QGIS,How to add a geodatabase to QGIS,howto,3,medium,1,how to add a geodatabase to qgis | how to add geodatabase in qgis | how to add geodatabase to qgis,
How to clip a layer in QGIS,How to clip a layer in QGIS,howto,3,medium,1,how to clip a layer in qgis | how to clip layer in qgis | how to clip layers in qgis,
How to clip QGIS,How to clip QGIS,howto,3,medium,1,how to clip in qgis | how to clip on qgis | how to clip qgis,
How to edit a polygon in QGIS,How to edit a polygon in QGIS,howto,3,medium,1,how to edit a polygon in qgis | how to edit polygon in qgis | how to edit polygons in qgis,
How to edit a shapefile in QGIS,How to edit a shapefile in QGIS,howto,3,medium,1,how to edit a shapefile in qgis | how to edit shapefile in qgis | how to edit shapefiles in qgis,
How to install QGIS plugin,How to install QGIS plugin,howto,3,medium,1,how to install plugin in qgis | how to install plugins in qgis | how to install qgis plugin,
How to open a shape file in QGIS,How to open a shape file in QGIS,howto,3,medium,1,how to open a shape file in qgis | how to open shape file in qgis | how to open shape files in qgis,
How to open a shapefile in QGIS,How to open a shapefile in QGIS,howto,3,medium,1,how to open a shapefile in qgis | how to open shapefile in qgis | how to open shapefiles in qgis,
How to split a polygon in QGIS,How to split a polygon in QGIS,howto,3,medium,1,how to split a polygon in qgis | how to split polygon in qgis | how to split polygons in qgis,
how to connect points in qgis,How to Integrate QGIS with Po Ts,integration,3,medium,1,connect points in qgis | how to connect points in qgis | qgis connect points,
postgis qgis integration,How to Integrate QGIS with Postgis,integration,3,medium,1,postgis qgis integration | qgis connect to postgis | qgis postgis integration,
How to create a layout in QGIS,How to create a layout in QGIS,howto,3,medium,2,how to create a layout in qgis | how to create layout in qgis | how to make a layout in qgis,How to create a layout in QGIS | How to make a layout in QGIS
How to create a legend in QGIS,How to create a legend in QGIS,howto,3,medium,2,how to create a legend in qgis | how to create legend in qgis | how to make a legend in qgis,How to create a legend in QGIS | How to make a legend in QGIS
How to import csv file in QGIS,How to import csv file in QGIS,howto,3,medium,2,how to import csv file in qgis | how to import csv file to qgis | how to import csv file into qgis,How to import csv file in QGIS | How to import csv file into QGIS
How to import csv in QGIS,How to import csv in QGIS,howto,3,medium,2,how to import csv in qgis | how to import csv to qgis | how to import csv into qgis,How to import csv in QGIS | How to import csv into QGIS
How to make a 3d map in QGIS,How to make a 3d map in QGIS,howto,3,medium,2,how to make 3d map in qgis | how to make a 3d map in qgis | how to create 3d map in qgis,How to make a 3d map in QGIS | How to create 3d map in QGIS
How to save temporary layer in QGIS,How to save temporary layer in QGIS,howto,3,medium,2,how to save temporary layer in qgis | how to save temporary layers in qgis | how to save temporary scratch layers qgis,How to save temporary layer in QGIS | How to save temporary scratch layers QGIS
How to add latitude and longitude in QGIS,How to add latitude and longitude in QGIS,howto,3,medium,3,how to add latitude and longitude in qgis | how to add latitude and longitude in qgis layout | how to add longitude and latitude in qgis,How to add latitude and longitude in QGIS | How to add latitude and longitude in QGIS layout | How to add longitude and latitude in QGIS
How to convert kml file to shapefile in QGIS,How to convert kml file to shapefile in QGIS,howto,3,medium,3,how to convert kml file to shapefile in qgis | how to convert kml to shapefile in qgis | how to convert shapefile to kml in qgis,How to convert kml file to shapefile in QGIS | How to convert kml to shapefile in QGIS | How to convert shapefile to kml in QGIS
How to do a join in QGIS,How to do a join in QGIS,howto,3,medium,3,how to do a join in qgis | how to join in qgis | how to merge in qgis,How to do a join in QGIS | How to join in QGIS | How to merge in QGIS
qgis 3.4 slope analysis from dem step by step,qgis 3.4 slope analysis from dem step by step,other,3,medium,3,qgis 3.4 slope analysis from dem step by step | qgis 3.4 slope analysis step by step | qgis 3.4 slope analysis step by step from dem,qgis 3.4 slope analysis from dem step by step | qgis 3.4 slope analysis step by step | qgis 3.4 slope analysis step by step from dem
How to add a buffer in QGIS,How to add a buffer in QGIS,howto,2,low,1,how to add a buffer in qgis | how to add buffer in qgis,
How to add a polygon in QGIS,How to add a polygon in QGIS,howto,2,low,1,how to add a polygon in qgis | how to add polygon in qgis,
How to add a scale bar in QGIS,How to add a scale bar in QGIS,howto,2,low,1,how to add a scale bar in qgis | how to add scale bar in qgis,
How to add background map QGIS,How to add background map QGIS,howto,2,low,1,how to add background map in qgis | how to add background map qgis,
How to add data in QGIS,How to add data in QGIS,howto,2,low,1,how to add data in qgis | how to add data to qgis,
How to add delimited text layer QGIS,How to add delimited text layer QGIS,howto,2,low,1,how to add delimited text layer in qgis | how to add delimited text layer qgis,
How to add gdb in QGIS,How to add gdb in QGIS,howto,2,low,1,how to add gdb in qgis | how to add gdb to qgis,
How to add google satellite in QGIS,How to add google satellite in QGIS,howto,2,low,1,how to add google satellite in qgis | how to add google satellite to qgis,
How to add grid in QGIS,How to add grid in QGIS,howto,2,low,1,how to add grid in qgis | how to add grids in qgis,
How to add label in QGIS,How to add label in QGIS,howto,2,low,1,how to add label in qgis | how to add labels in qgis,
How to add openstreetmap in QGIS,How to add openstreetmap in QGIS,howto,2,low,1,how to add openstreetmap in qgis | how to add openstreetmap to qgis,
How to add satellite image in QGIS,How to add satellite image in QGIS,howto,2,low,1,how to add satellite image in qgis | how to add satellite image to qgis,
How to add shape file in QGIS,How to add shape file in QGIS,howto,2,low,1,how to add shape file in qgis | how to add shape file to qgis,
How to calculate area QGIS,How to calculate area QGIS,howto,2,low,1,how to calculate area in qgis | how to calculate area qgis,
How to calculate area of a shapefile in QGIS,How to calculate area of a shapefile in QGIS,howto,2,low,1,how to calculate area of a shapefile in qgis | how to calculate area of shapefile in qgis,
How to clip a raster in QGIS,How to clip a raster in QGIS,howto,2,low,1,how to clip a raster in qgis | how to clip raster in qgis,
How to clip a shapefile in QGIS,How to clip a shapefile in QGIS,howto,2,low,1,how to clip a shapefile in qgis | how to clip shapefile in qgis,
How to clip a vector layer in QGIS,How to clip a vector layer in QGIS,howto,2,low,1,how to clip a vector layer in qgis | how to clip vector layer in qgis,
How to create a buffer in QGIS,How to create a buffer in QGIS,howto,2,low,1,how to create a buffer in qgis | how to create buffer in qgis,
How to create a geodatabase in QGIS,How to create a geodatabase in QGIS,howto,2,low,1,how to create a geodatabase in qgis | how to create geodatabase in qgis,
How to create a geopackage in QGIS,How to create a geopackage in QGIS,howto,2,low,1,how to create a geopackage in qgis | how to create geopackage in qgis,
How to create a point in QGIS,How to create a point in QGIS,howto,2,low,1,how to create a point in qgis | how to create points in qgis,
How to create a polygon shapefile in QGIS,How to create a polygon shapefile in QGIS,howto,2,low,1,how to create a polygon shapefile in qgis | how to create polygon shapefile in qgis,
How to crop a map in QGIS,How to crop a map in QGIS,howto,2,low,1,how to crop a map in qgis | how to crop map in qgis,
How to crop a raster in QGIS,How to crop a raster in QGIS,howto,2,low,1,how to crop a raster in qgis | how to crop raster in qgis,
How to cut a polygon in QGIS,How to cut a polygon in QGIS,howto,2,low,1,how to cut a polygon in qgis | how to cut polygon in qgis,
How to delete a point in QGIS,How to delete a point in QGIS,howto,2,low,1,how to delete a point in qgis | how to delete points in qgis,
How to delete a polygon in QGIS,How to delete a polygon in QGIS,howto,2,low,1,how to delete a polygon in qgis | how to delete polygon in qgis,
How to delineate a watershed in QGIS,How to delineate a watershed in QGIS,howto,2,low,1,how to delineate a watershed in qgis | how to delineate watershed in qgis,
How to do gis data collection on QGIS,How to do gis data collection on QGIS,howto,2,low,1,how to do gis data collection on qgis | how to do gis data collection on qgis?,
How to draw a circle in QGIS,How to draw a circle in QGIS,howto,2,low,1,how to draw a circle in qgis | how to draw circle in qgis,
How to draw a rectangle in QGIS,How to draw a rectangle in QGIS,howto,2,low,1,how to draw a rectangle in qgis | how to draw rectangle in qgis,
How to draw in QGIS,How to draw in QGIS,howto,2,low,1,how to draw in qgis | how to draw on qgis,
How to edit legend in QGIS,How to edit legend in QGIS,howto,2,low,1,how to edit legend in qgis | how to edit legends in qgis,
How to fix invalid geometry QGIS,How to fix invalid geometry QGIS,howto,2,low,1,how to fix invalid geometry in qgis | how to fix invalid geometry qgis,
How to georeference an image in QGIS,How to georeference an image in QGIS,howto,2,low,1,how to georeference an image in qgis | how to georeference image in qgis,
How to georeference QGIS,How to georeference QGIS,howto,2,low,1,how to georeference in qgis | how to georeference qgis,
How to get a basemap in QGIS,How to get a basemap in QGIS,howto,2,low,1,how to get a basemap in qgis | how to get basemap in qgis,
How to make a choropleth map in QGIS,How to make a choropleth map in QGIS,howto,2,low,1,how to make a choropleth map in qgis | how to make choropleth map in qgis,
How to make a topographic map in QGIS,How to make a topographic map in QGIS,howto,2,low,1,how to make a topographic map in qgis | how to make topographic map in qgis,
How to move a point in QGIS,How to move a point in QGIS,howto,2,low,1,how to move a point in qgis | how to move points in qgis,
How to move a polygon in QGIS,How to move a polygon in QGIS,howto,2,low,1,how to move a polygon in qgis | how to move polygon in qgis,
How to open a gdb in QGIS,How to open a gdb in QGIS,howto,2,low,1,how to open a gdb in qgis | how to open gdb in qgis,
How to open a geodatabase in QGIS,How to open a geodatabase in QGIS,howto,2,low,1,how to open a geodatabase in qgis | how to open geodatabase in qgis,
How to open a geopackage in QGIS,How to open a geopackage in QGIS,howto,2,low,1,how to open a geopackage in qgis | how to open geopackage in qgis,
How to open a gpkg file in QGIS,How to open a gpkg file in QGIS,howto,2,low,1,how to open a gpkg file in qgis | how to open gpkg file in qgis,
How to open a map in QGIS,How to open a map in QGIS,howto,2,low,1,how to open a map in qgis | how to open map in qgis,
How to open a tif file in QGIS,How to open a tif file in QGIS,howto,2,low,1,how to open a tif file in qgis | how to open tif file in qgis,
How to open gdb file in QGIS,How to open gdb file in QGIS,howto,2,low,1,how to open gdb file in qgis | how to open gdb files in qgis,
How to open processing toolbox QGIS,How to open processing toolbox QGIS,howto,2,low,1,how to open processing toolbox in qgis | how to open processing toolbox qgis,
How to reproject a layer in QGIS,How to reproject a layer in QGIS,howto,2,low,1,how to reproject a layer in qgis | how to reproject layer in qgis,
How to reproject QGIS,How to reproject QGIS,howto,2,low,1,how to reproject in qgis | how to reproject qgis,
How to save a shapefile in QGIS,How to save a shapefile in QGIS,howto,2,low,1,how to save a shapefile in qgis | how to save shapefile in qgis,
How to select a feature in QGIS,How to select a feature in QGIS,howto,2,low,1,how to select a feature in qgis | how to select features in qgis,
How to select by attribute QGIS,How to select by attribute QGIS,howto,2,low,1,how to select by attribute in qgis | how to select by attribute qgis,
How to share a QGIS project,How to share a QGIS project,howto,2,low,1,how to share a qgis project | how to share qgis project,
How to undo in QGIS,How to undo in QGIS,howto,2,low,1,how to undo in qgis | how to undo on qgis,
How to use field calculator QGIS,How to use field calculator QGIS,howto,2,low,1,how to use field calculator in qgis | how to use field calculator qgis,
qgis pdf tutorial,qgis pdf tutorial,tutorial,2,low,1,qgis pdf tutorial | tutorial qgis pdf,
How to add column in attribute table QGIS,How to add column in attribute table QGIS,howto,2,low,2,how to add column in attribute table qgis | how to add field in attribute table qgis,How to add column in attribute table QGIS | How to add field in attribute table QGIS
How to add coordinate grid in QGIS,How to add coordinate grid in QGIS,howto,2,low,2,how to add coordinate grid in qgis | how to add grid coordinates in qgis,How to add coordinate grid in QGIS | How to add grid coordinates in QGIS
How to add coordinates in QGIS,How to add coordinates in QGIS,howto,2,low,2,how to add coordinates in qgis | how to put coordinates in qgis,How to add coordinates in QGIS | How to put coordinates in QGIS
How to add google maps layer to QGIS,How to add google maps layer to QGIS,howto,2,low,2,how to add google maps layer to qgis | how to add google maps layers in qgis 3,How to add google maps layer to QGIS | How to add google maps layers in QGIS 3
How to add image in QGIS,How to add image in QGIS,howto,2,low,2,how to add image in qgis | how to insert image in qgis,How to add image in QGIS | How to insert image in QGIS
How to add kml file in QGIS,How to add kml file in QGIS,howto,2,low,2,how to add kml file in qgis | how to put kml file into qgis,How to add kml file in QGIS | How to put kml file into QGIS
How to add quick map services in QGIS,How to add quick map services in QGIS,howto,2,low,2,how to add quick map services in qgis | how to use quick map services in qgis,How to add quick map services in QGIS | How to use quick map services in QGIS
How to calculate area in attribute table QGIS,How to calculate area in attribute table QGIS,howto,2,low,2,how to calculate area in attribute table qgis | how to calculate area in qgis attribute table,How to calculate area in attribute table QGIS | How to calculate area in QGIS attribute table
How to calculate area of raster in QGIS,How to calculate area of raster in QGIS,howto,2,low,2,how to calculate area of raster in qgis | how to calculate raster area in qgis,How to calculate area of raster in QGIS | How to calculate raster area in QGIS
How to combine raster layers in QGIS,How to combine raster layers in QGIS,howto,2,low,2,how to combine raster layers in qgis | how to merge raster layers in qgis,How to combine raster layers in QGIS | How to merge raster layers in QGIS
How to convert csv file to shapefile in QGIS,How to convert csv file to shapefile in QGIS,howto,2,low,2,how to convert csv file to shapefile in qgis | how to convert csv to shapefile in qgis,How to convert csv file to shapefile in QGIS | How to convert csv to shapefile in QGIS
How to convert kmz file to shapefile in QGIS,How to convert kmz file to shapefile in QGIS,howto,2,low,2,how to convert kmz file to shapefile in qgis | how to convert kmz to shapefile in qgis,How to convert kmz file to shapefile in QGIS | How to convert kmz to shapefile in QGIS
How to convert line to polygon in QGIS,How to convert line to polygon in QGIS,howto,2,low,2,how to convert line to polygon in qgis | how to convert polygon to line in qgis,How to convert line to polygon in QGIS | How to convert polygon to line in QGIS
How to convert points to polygon in QGIS,How to convert points to polygon in QGIS,howto,2,low,2,how to convert points to polygon in qgis | how to convert polygon to point in qgis,How to convert points to polygon in QGIS | How to convert polygon to point in QGIS
How to convert raster to vector in QGIS,How to convert raster to vector in QGIS,howto,2,low,2,how to convert raster to vector in qgis | how to convert vector to raster in qgis,How to convert raster to vector in QGIS | How to convert vector to raster in QGIS
How to create a heat map in QGIS,How to create a heat map in QGIS,howto,2,low,2,how to create a heat map in qgis | how to make a heat map in qgis,How to create a heat map in QGIS | How to make a heat map in QGIS
How to create contour lines in QGIS,How to create contour lines in QGIS,howto,2,low,2,how to create contour lines in qgis | how to make contour lines in qgis,How to create contour lines in QGIS | How to make contour lines in QGIS
How to create contour map in QGIS,How to create contour map in QGIS,howto,2,low,2,how to create contour map in qgis | how to make contour map in qgis,How to create contour map in QGIS | How to make contour map in QGIS
How to create contours in QGIS,How to create contours in QGIS,howto,2,low,2,how to create contours in qgis | how to generate contours in qgis,How to create contours in QGIS | How to generate contours in QGIS
How to create shape file in QGIS,How to create shape file in QGIS,howto,2,low,2,how to create shape file in qgis | how to make shape file in qgis,How to create shape file in QGIS | How to make shape file in QGIS
How to create study area map in QGIS,How to create study area map in QGIS,howto,2,low,2,how to create study area map in qgis | how to make study area map in qgis,How to create study area map in QGIS | How to make study area map in QGIS
How to download google earth image in QGIS,How to download google earth image in QGIS,howto,2,low,2,how to download google earth image in qgis | how to export qgis to google earth,How to download google earth image in QGIS | How to export QGIS to google earth
How to enable snapping in QGIS,How to enable snapping in QGIS,howto,2,low,2,how to enable snapping in qgis | how to turn on snapping in qgis,How to enable snapping in QGIS | How to turn on snapping in QGIS
How to filter in QGIS,How to filter in QGIS,howto,2,low,2,how to filter in qgis | how to search in qgis,How to filter in QGIS | How to search in QGIS
How to find area of polygon in QGIS,How to find area of polygon in QGIS,howto,2,low,2,how to find area of polygon in qgis | how to get the area of a polygon in qgis,How to find area of polygon in QGIS | How to get the area of a polygon in QGIS
How to fix geometries in QGIS,How to fix geometries in QGIS,howto,2,low,2,how to fix geometries in qgis | how to fix geometry in qgis,How to fix geometries in QGIS | How to fix geometry in QGIS
How to get google maps in QGIS,How to get google maps in QGIS,howto,2,low,2,how to get google maps in qgis | how to get google maps into qgis,How to get google maps in QGIS | How to get google maps into QGIS
How to get the layers panel back in QGIS,How to get the layers panel back in QGIS,howto,2,low,2,how to get the layers panel back in qgis | how to show layer panel in qgis,How to get the layers panel back in QGIS | How to show layer panel in QGIS
How to import a basemap in QGIS,How to import a basemap in QGIS,howto,2,low,2,how to import a basemap in qgis | how to load basemap in qgis,How to import a basemap in QGIS | How to load basemap in QGIS
How to import dwg into QGIS,How to import dwg into QGIS,howto,2,low,2,how to import dwg into qgis | how to import dwg to qgis,How to import dwg into QGIS | How to import dwg to QGIS
How to import geojson into QGIS,How to import geojson into QGIS,howto,2,low,2,how to import geojson into qgis | how to load geojson in qgis,How to import geojson into QGIS | How to load geojson in QGIS
How to import google earth into QGIS,How to import google earth into QGIS,howto,2,low,2,how to import google earth into qgis | how to load google earth in qgis,How to import google earth into QGIS | How to load google earth in QGIS
How to import kml file in QGIS,How to import kml file in QGIS,howto,2,low,2,how to import kml file in qgis | how to import kml file into qgis,How to import kml file in QGIS | How to import kml file into QGIS
How to import kml into QGIS,How to import kml into QGIS,howto,2,low,2,how to import kml into qgis | how to import kml to qgis,How to import kml into QGIS | How to import kml to QGIS
How to import kmz file into QGIS,How to import kmz file into QGIS,howto,2,low,2,how to import kmz file into qgis | how to import kmz file to qgis,How to import kmz file into QGIS | How to import kmz file to QGIS
How to import kmz into QGIS,How to import kmz into QGIS,howto,2,low,2,how to import kmz into qgis | how to import kmz to qgis,How to import kmz into QGIS | How to import kmz to QGIS
How to install QGIS in mac,How to install QGIS in mac,howto,2,low,2,how to install qgis in mac | how to install qgis on mac,How to install QGIS in mac | How to install QGIS on mac
How to install QGIS in ubuntu,How to install QGIS in ubuntu,howto,2,low,2,how to install qgis in ubuntu | how to install qgis on ubuntu,How to install QGIS in ubuntu | How to install QGIS on ubuntu
How to merge two vector layers in QGIS,How to merge two vector layers in QGIS,howto,2,low,2,how to merge two vector layers in qgis | how to merge vector layers in qgis,How to merge two vector layers in QGIS | How to merge vector layers in QGIS
How to open google earth in QGIS,How to open google earth in QGIS,howto,2,low,2,how to open google earth in qgis | how to open google earth map in qgis,How to open google earth in QGIS | How to open google earth map in QGIS
How to open google map in QGIS,How to open google map in QGIS,howto,2,low,2,how to open google map in qgis | how to open google satellite map in qgis,How to open google map in QGIS | How to open google satellite map in QGIS
How to open QGIS,How to open QGIS,howto,2,low,2,how to open qgis | how to start qgis,How to open QGIS | How to start QGIS
How to rename a column in QGIS,How to rename a column in QGIS,howto,2,low,2,how to rename a column in qgis | how to rename attribute field in qgis 3,How to rename a column in QGIS | How to rename attribute field in QGIS 3
How to show layers in QGIS,How to show layers in QGIS,howto,2,low,2,how to show layers in qgis | how to view layers in qgis,How to show layers in QGIS | How to view layers in QGIS
How to uninstall QGIS mac,How to uninstall QGIS mac,howto,2,low,2,how to uninstall qgis mac | how to uninstall qgis on mac,How to uninstall QGIS mac | How to uninstall QGIS on mac
qgis 3 python tutorial,qgis 3 python tutorial,tutorial,2,low,2,qgis 3 python tutorial | qgis python tutorial,qgis 3 python tutorial | qgis python tutorial
qgis beginner tutorial,qgis beginner tutorial,tutorial,2,low,2,qgis beginner tutorial | qgis beginner tutorial step by step,qgis beginner tutorial | qgis beginner tutorial step by step
qgis create contours from dem tutorial,qgis create contours from dem tutorial,tutorial,2,low,2,qgis create contours from dem tutorial | qgis generate contours from dem tutorial,qgis create contours from dem tutorial | qgis generate contours from dem tutorial
qgis database tutorial,qgis database tutorial,tutorial,2,low,2,qgis database tutorial | qgis postgresql tutorial,qgis database tutorial | qgis postgresql tutorial
qgis import shapefile tutorial,qgis import shapefile tutorial,tutorial,2,low,2,qgis import shapefile tutorial | qgis shapefile import tutorial,qgis import shapefile tutorial | qgis shapefile import tutorial
qgis join attributes by location summary tutorial,qgis join attributes by location summary tutorial,tutorial,2,low,2,qgis join attributes by location summary tutorial | qgis join attributes by location tutorial,qgis join attributes by location summary tutorial | qgis join attributes by location tutorial
