canonical_keyword,suggested_title,category,variant_count,signal_strength,already_covered,all_variants
How to make a map QGIS,How to make a map QGIS,howto,9,high,False,how to make a map in qgis | how to make a map on qgis | how to make a map qgis | how to make a map using qgis | how to make a qgis map | how to make map in qgis | how to make map qgis | how to make map using qgis | how to make maps in qgis
How to add a basemap in QGIS,How to add a basemap in QGIS,howto,7,high,False,how to add a basemap in qgis | how to add a basemap to qgis | how to add basemap in qgis | how to add basemap qgis | how to add basemap to qgis | how to add basemaps in qgis | how to add basemaps to qgis
How to add a map in QGIS,How to add a map in QGIS,howto,7,high,False,how to add a map in qgis | how to add a map to qgis | how to add map in qgis | how to add map on qgis | how to add map to qgis | how to add maps in qgis | how to add maps to qgis
How to add a point in QGIS,How to add a point in QGIS,howto,6,high,False,how to add a point in qgis | how to add a point on qgis | how to add point in qgis | how to add points in qgis | how to add points on qgis | how to add points to qgis
How to create a map in QGIS,How to create a map in QGIS,howto,6,high,False,how to create a map in qgis | how to create a map on qgis | how to create a map using qgis | how to create map in qgis | how to create map using qgis | how to create maps in qgis
How to add a layer in QGIS,How to add a layer in QGIS,howto,5,high,False,how to add a layer in qgis | how to add layer in qgis | how to add layer to qgis | how to add layers in qgis | how to add layers to qgis
How to add a legend QGIS,How to add a legend QGIS,howto,5,high,False,how to add a legend in qgis | how to add a legend qgis | how to add legend in qgis | how to add legend qgis | how to add legend to qgis
How to add a shapefile in QGIS,How to add a shapefile in QGIS,howto,5,high,False,how to add a shapefile in qgis | how to add a shapefile to qgis | how to add shapefile in qgis | how to add shapefile to qgis | how to add shapefiles to qgis
How to add google map in QGIS,How to add google map in QGIS,howto,5,high,False,how to add google map in qgis | how to add google map on qgis | how to add google map to qgis | how to add google maps in qgis | how to add google maps to qgis
How to create a shapefile QGIS,How to create a shapefile QGIS,howto,5,high,False,how to create a shapefile in qgis | how to create a shapefile qgis | how to create shapefile in qgis | how to create shapefile qgis | how to create shapefiles in qgis
How to export a map in QGIS,How to export a map in QGIS,howto,5,high,False,how to export a map from qgis | how to export a map in qgis | how to export map from qgis | how to export map in qgis | how to export qgis map
How to export an attribute table to excel QGIS,How to export an attribute table to excel QGIS,howto,5,high,False,how to export an attribute table to excel qgis | how to export attribute table from qgis to excel | how to export attribute table to excel in qgis | how to export attribute table to excel qgis | how to export qgis attribute table to excel
How to change QGIS language,How to change QGIS language,howto,4,medium,False,how to change language in qgis | how to change language on qgis | how to change qgis language | how to change the language in qgis
How to create a polygon in QGIS,How to create a polygon in QGIS,howto,4,medium,False,how to create a polygon in qgis | how to create polygon in qgis | how to create polygon qgis | how to create polygons in qgis
How to draw a line in QGIS,How to draw a line in QGIS,howto,4,medium,False,how to draw a line in qgis | how to draw line in qgis | how to draw lines in qgis | how to draw lines on qgis
How to draw a polygon in QGIS,How to draw a polygon in QGIS,howto,4,medium,False,how to draw a polygon in qgis | how to draw polygon in qgis | how to draw polygon qgis | how to draw polygons in qgis
How to add a base map in QGIS,How to add a base map in QGIS,howto,3,medium,False,how to add a base map in qgis | how to add base map in qgis | how to add base map to qgis
How to add a csv file to QGIS,How to add a csv file to QGIS,howto,3,medium,False,how to add a csv file to qgis | how to add csv file in qgis | how to add csv file to qgis
How to add a geodatabase to QGIS,How to add a geodatabase to QGIS,howto,3,medium,False,how to add a geodatabase to qgis | how to add geodatabase in qgis | how to add geodatabase to qgis
How to add a north arrow in QGIS,How to add a north arrow in QGIS,howto,3,medium,False,how to add a north arrow in qgis | how to add north arrow in qgis | how to add north arrow qgis
How to calculate area of a polygon in QGIS,How to calculate area of a polygon in QGIS,howto,3,medium,False,how to calculate area of a polygon in qgis | how to calculate area of polygon in qgis | how to calculate the area of a polygon in qgis
How to clip a layer in QGIS,How to clip a layer in QGIS,howto,3,medium,False,how to clip a layer in qgis | how to clip layer in qgis | how to clip layers in qgis
How to clip QGIS,How to clip QGIS,howto,3,medium,False,how to clip in qgis | how to clip on qgis | how to clip qgis
How to edit a polygon in QGIS,How to edit a polygon in QGIS,howto,3,medium,False,how to edit a polygon in qgis | how to edit polygon in qgis | how to edit polygons in qgis
How to edit a shapefile in QGIS,How to edit a shapefile in QGIS,howto,3,medium,False,how to edit a shapefile in qgis | how to edit shapefile in qgis | how to edit shapefiles in qgis
How to export attribute table QGIS,How to export attribute table QGIS,howto,3,medium,False,how to export attribute table from qgis | how to export attribute table in qgis | how to export attribute table qgis
How to install QGIS plugin,How to install QGIS plugin,howto,3,medium,False,how to install plugin in qgis | how to install plugins in qgis | how to install qgis plugin
How to make a polygon in QGIS,How to make a polygon in QGIS,howto,3,medium,False,how to make a polygon in qgis | how to make polygon in qgis | how to make polygon qgis
How to merge layers QGIS,How to merge layers QGIS,howto,3,medium,False,how to merge layer in qgis | how to merge layers in qgis | how to merge layers qgis
How to open a shape file in QGIS,How to open a shape file in QGIS,howto,3,medium,False,how to open a shape file in qgis | how to open shape file in qgis | how to open shape files in qgis
How to open a shapefile in QGIS,How to open a shapefile in QGIS,howto,3,medium,False,how to open a shapefile in qgis | how to open shapefile in qgis | how to open shapefiles in qgis
How to print a map in QGIS,How to print a map in QGIS,howto,3,medium,False,how to print a map in qgis | how to print map in qgis | how to print qgis map
How to split a polygon in QGIS,How to split a polygon in QGIS,howto,3,medium,False,how to split a polygon in qgis | how to split polygon in qgis | how to split polygons in qgis
how to connect points in qgis,How to Integrate QGIS with Po Ts,integration,3,medium,False,connect points in qgis | how to connect points in qgis | qgis connect points
postgis qgis integration,How to Integrate QGIS with Postgis,integration,3,medium,False,postgis qgis integration | qgis connect to postgis | qgis postgis integration
How to add a buffer in QGIS,How to add a buffer in QGIS,howto,2,low,False,how to add a buffer in qgis | how to add buffer in qgis
How to add a polygon in QGIS,How to add a polygon in QGIS,howto,2,low,False,how to add a polygon in qgis | how to add polygon in qgis
How to add a scale bar in QGIS,How to add a scale bar in QGIS,howto,2,low,False,how to add a scale bar in qgis | how to add scale bar in qgis
How to add background map QGIS,How to add background map QGIS,howto,2,low,False,how to add background map in qgis | how to add background map qgis
How to add data in QGIS,How to add data in QGIS,howto,2,low,False,how to add data in qgis | how to add data to qgis
How to add delimited text layer QGIS,How to add delimited text layer QGIS,howto,2,low,False,how to add delimited text layer in qgis | how to add delimited text layer qgis
How to add gdb in QGIS,How to add gdb in QGIS,howto,2,low,False,how to add gdb in qgis | how to add gdb to qgis
How to add google earth in QGIS,How to add google earth in QGIS,howto,2,low,False,how to add google earth in qgis | how to add google earth to qgis
How to add google earth layer in QGIS,How to add google earth layer in QGIS,howto,2,low,False,how to add google earth layer in qgis | how to add google earth layer to qgis
How to add google satellite in QGIS,How to add google satellite in QGIS,howto,2,low,False,how to add google satellite in qgis | how to add google satellite to qgis
How to add grid in QGIS,How to add grid in QGIS,howto,2,low,False,how to add grid in qgis | how to add grids in qgis
How to add label in QGIS,How to add label in QGIS,howto,2,low,False,how to add label in qgis | how to add labels in qgis
How to add openstreetmap in QGIS,How to add openstreetmap in QGIS,howto,2,low,False,how to add openstreetmap in qgis | how to add openstreetmap to qgis
How to add points in QGIS with coordinates,How to add points in QGIS with coordinates,howto,2,low,False,how to add points in qgis with coordinates | how to add points with coordinates in qgis
How to add satellite image in QGIS,How to add satellite image in QGIS,howto,2,low,False,how to add satellite image in qgis | how to add satellite image to qgis
How to add shape file in QGIS,How to add shape file in QGIS,howto,2,low,False,how to add shape file in qgis | how to add shape file to qgis
How to calculate area QGIS,How to calculate area QGIS,howto,2,low,False,how to calculate area in qgis | how to calculate area qgis
How to calculate area of a shapefile in QGIS,How to calculate area of a shapefile in QGIS,howto,2,low,False,how to calculate area of a shapefile in qgis | how to calculate area of shapefile in qgis
How to clip a raster in QGIS,How to clip a raster in QGIS,howto,2,low,False,how to clip a raster in qgis | how to clip raster in qgis
How to clip a shapefile in QGIS,How to clip a shapefile in QGIS,howto,2,low,False,how to clip a shapefile in qgis | how to clip shapefile in qgis
How to clip a vector layer in QGIS,How to clip a vector layer in QGIS,howto,2,low,False,how to clip a vector layer in qgis | how to clip vector layer in qgis
How to create a buffer in QGIS,How to create a buffer in QGIS,howto,2,low,False,how to create a buffer in qgis | how to create buffer in qgis
How to create a dem in QGIS,How to create a dem in QGIS,howto,2,low,False,how to create a dem in qgis | how to create dem in qgis
How to create a geodatabase in QGIS,How to create a geodatabase in QGIS,howto,2,low,False,how to create a geodatabase in qgis | how to create geodatabase in qgis
How to create a geopackage in QGIS,How to create a geopackage in QGIS,howto,2,low,False,how to create a geopackage in qgis | how to create geopackage in qgis
How to create a layout in QGIS,How to create a layout in QGIS,howto,2,low,False,how to create a layout in qgis | how to create layout in qgis
How to create a legend in QGIS,How to create a legend in QGIS,howto,2,low,False,how to create a legend in qgis | how to create legend in qgis
How to create a new shapefile in QGIS,How to create a new shapefile in QGIS,howto,2,low,False,how to create a new shapefile in qgis | how to create new shapefile in qgis
How to create a point in QGIS,How to create a point in QGIS,howto,2,low,False,how to create a point in qgis | how to create points in qgis
How to create a polygon shapefile in QGIS,How to create a polygon shapefile in QGIS,howto,2,low,False,how to create a polygon shapefile in qgis | how to create polygon shapefile in qgis
How to crop a map in QGIS,How to crop a map in QGIS,howto,2,low,False,how to crop a map in qgis | how to crop map in qgis
How to crop a raster in QGIS,How to crop a raster in QGIS,howto,2,low,False,how to crop a raster in qgis | how to crop raster in qgis
How to cut a polygon in QGIS,How to cut a polygon in QGIS,howto,2,low,False,how to cut a polygon in qgis | how to cut polygon in qgis
How to delete a point in QGIS,How to delete a point in QGIS,howto,2,low,False,how to delete a point in qgis | how to delete points in qgis
How to delete a polygon in QGIS,How to delete a polygon in QGIS,howto,2,low,False,how to delete a polygon in qgis | how to delete polygon in qgis
How to delineate a watershed in QGIS,How to delineate a watershed in QGIS,howto,2,low,False,how to delineate a watershed in qgis | how to delineate watershed in qgis
How to do gis data collection on QGIS,How to do gis data collection on QGIS,howto,2,low,False,how to do gis data collection on qgis | how to do gis data collection on qgis?
How to draw a circle in QGIS,How to draw a circle in QGIS,howto,2,low,False,how to draw a circle in qgis | how to draw circle in qgis
How to draw a rectangle in QGIS,How to draw a rectangle in QGIS,howto,2,low,False,how to draw a rectangle in qgis | how to draw rectangle in qgis
How to draw in QGIS,How to draw in QGIS,howto,2,low,False,how to draw in qgis | how to draw on qgis
How to edit legend in QGIS,How to edit legend in QGIS,howto,2,low,False,how to edit legend in qgis | how to edit legends in qgis
How to export shapefile QGIS,How to export shapefile QGIS,howto,2,low,False,how to export shapefile from qgis | how to export shapefile qgis
How to fix invalid geometry QGIS,How to fix invalid geometry QGIS,howto,2,low,False,how to fix invalid geometry in qgis | how to fix invalid geometry qgis
How to georeference an image in QGIS,How to georeference an image in QGIS,howto,2,low,False,how to georeference an image in qgis | how to georeference image in qgis
How to georeference QGIS,How to georeference QGIS,howto,2,low,False,how to georeference in qgis | how to georeference qgis
How to get a basemap in QGIS,How to get a basemap in QGIS,howto,2,low,False,how to get a basemap in qgis | how to get basemap in qgis
How to import a shapefile into QGIS,How to import a shapefile into QGIS,howto,2,low,False,how to import a shapefile into qgis | how to import shapefile into qgis
How to import csv file in QGIS,How to import csv file in QGIS,howto,2,low,False,how to import csv file in qgis | how to import csv file to qgis
How to import csv in QGIS,How to import csv in QGIS,howto,2,low,False,how to import csv in qgis | how to import csv to qgis
How to make a 3d map in QGIS,How to make a 3d map in QGIS,howto,2,low,False,how to make 3d map in qgis | how to make a 3d map in qgis
How to make a choropleth map in QGIS,How to make a choropleth map in QGIS,howto,2,low,False,how to make a choropleth map in qgis | how to make choropleth map in qgis
How to make a dem in QGIS,How to make a dem in QGIS,howto,2,low,False,how to make a dem in qgis | how to make dem in qgis
How to make a shapefile in QGIS,How to make a shapefile in QGIS,howto,2,low,False,how to make a shapefile in qgis | how to make shapefile in qgis
How to make a topographic map in QGIS,How to make a topographic map in QGIS,howto,2,low,False,how to make a topographic map in qgis | how to make topographic map in qgis
How to merge polygon in QGIS,How to merge polygon in QGIS,howto,2,low,False,how to merge polygon in qgis | how to merge polygons in qgis
How to merge shapefile in QGIS,How to merge shapefile in QGIS,howto,2,low,False,how to merge shapefile in qgis | how to merge shapefiles in qgis
How to move a point in QGIS,How to move a point in QGIS,howto,2,low,False,how to move a point in qgis | how to move points in qgis
How to move a polygon in QGIS,How to move a polygon in QGIS,howto,2,low,False,how to move a polygon in qgis | how to move polygon in qgis
How to open a gdb in QGIS,How to open a gdb in QGIS,howto,2,low,False,how to open a gdb in qgis | how to open gdb in qgis
How to open a geodatabase in QGIS,How to open a geodatabase in QGIS,howto,2,low,False,how to open a geodatabase in qgis | how to open geodatabase in qgis
How to open a geopackage in QGIS,How to open a geopackage in QGIS,howto,2,low,False,how to open a geopackage in qgis | how to open geopackage in qgis
How to open a gpkg file in QGIS,How to open a gpkg file in QGIS,howto,2,low,False,how to open a gpkg file in qgis | how to open gpkg file in qgis
How to open a map in QGIS,How to open a map in QGIS,howto,2,low,False,how to open a map in qgis | how to open map in qgis
How to open a tif file in QGIS,How to open a tif file in QGIS,howto,2,low,False,how to open a tif file in qgis | how to open tif file in qgis
How to open gdb file in QGIS,How to open gdb file in QGIS,howto,2,low,False,how to open gdb file in qgis | how to open gdb files in qgis
How to open processing toolbox QGIS,How to open processing toolbox QGIS,howto,2,low,False,how to open processing toolbox in qgis | how to open processing toolbox qgis
How to print in QGIS,How to print in QGIS,howto,2,low,False,how to print from qgis | how to print in qgis
How to rename a field in QGIS attribute table,How to rename a field in QGIS attribute table,howto,2,low,False,how to rename a field in qgis attribute table | how to rename field in qgis attribute table
How to reproject a layer in QGIS,How to reproject a layer in QGIS,howto,2,low,False,how to reproject a layer in qgis | how to reproject layer in qgis
How to reproject QGIS,How to reproject QGIS,howto,2,low,False,how to reproject in qgis | how to reproject qgis
How to save a shapefile in QGIS,How to save a shapefile in QGIS,howto,2,low,False,how to save a shapefile in qgis | how to save shapefile in qgis
How to save temporary layer in QGIS,How to save temporary layer in QGIS,howto,2,low,False,how to save temporary layer in qgis | how to save temporary layers in qgis
How to select a feature in QGIS,How to select a feature in QGIS,howto,2,low,False,how to select a feature in qgis | how to select features in qgis
How to select by attribute QGIS,How to select by attribute QGIS,howto,2,low,False,how to select by attribute in qgis | how to select by attribute qgis
How to share a QGIS project,How to share a QGIS project,howto,2,low,False,how to share a qgis project | how to share qgis project
How to undo in QGIS,How to undo in QGIS,howto,2,low,False,how to undo in qgis | how to undo on qgis
How to use field calculator QGIS,How to use field calculator QGIS,howto,2,low,False,how to use field calculator in qgis | how to use field calculator qgis
how to connect qgis to postgresql,How to Integrate QGIS with Postgresql,integration,2,low,False,connect qgis to postgresql | how to connect qgis to postgresql
qgis 3.4 slope analysis from dem steps tutorial,qgis 3.4 slope analysis from dem steps tutorial,tutorial,2,low,False,qgis 3.4 slope analysis from dem steps tutorial | qgis 3.4 slope analysis from dem tutorial steps
qgis 3.4 slope analysis from dem tutorial,qgis 3.4 slope analysis from dem tutorial,tutorial,2,low,False,qgis 3.4 slope analysis from dem tutorial | qgis 3.4 slope analysis tutorial from dem
qgis pdf tutorial,qgis pdf tutorial,tutorial,2,low,False,qgis pdf tutorial | tutorial qgis pdf
How to add a point in QGIS using coordinates,How to add a point in QGIS using coordinates,howto,1,low,False,how to add a point in qgis using coordinates
How to add a point with coordinates in QGIS,How to add a point with coordinates in QGIS,howto,1,low,False,how to add a point with coordinates in qgis
How to add aerial imagery to QGIS,How to add aerial imagery to QGIS,howto,1,low,False,how to add aerial imagery to qgis
How to add base layer in QGIS,How to add base layer in QGIS,howto,1,low,False,how to add base layer in qgis
How to add bing maps to QGIS,How to add bing maps to QGIS,howto,1,low,False,how to add bing maps to qgis
How to add column in attribute table QGIS,How to add column in attribute table QGIS,howto,1,low,False,how to add column in attribute table qgis
How to add compass to QGIS map,How to add compass to QGIS map,howto,1,low,False,how to add compass to qgis map
How to add contour lines in QGIS,How to add contour lines in QGIS,howto,1,low,False,how to add contour lines in qgis
How to add coordinate grid in QGIS,How to add coordinate grid in QGIS,howto,1,low,False,how to add coordinate grid in qgis
How to add coordinate points in QGIS,How to add coordinate points in QGIS,howto,1,low,False,how to add coordinate points in qgis
How to add coordinates in QGIS,How to add coordinates in QGIS,howto,1,low,False,how to add coordinates in qgis
How to add coordinates in QGIS layout,How to add coordinates in QGIS layout,howto,1,low,False,how to add coordinates in qgis layout
How to add csv to QGIS,How to add csv to QGIS,howto,1,low,False,how to add csv to qgis
How to add dem to QGIS,How to add dem to QGIS,howto,1,low,False,how to add dem to qgis
How to add dwg file in QGIS,How to add dwg file in QGIS,howto,1,low,False,how to add dwg file in qgis
How to add dwg to QGIS,How to add dwg to QGIS,howto,1,low,False,how to add dwg to qgis
How to add esri basemap to QGIS,How to add esri basemap to QGIS,howto,1,low,False,how to add esri basemap to qgis
How to add excel data to QGIS,How to add excel data to QGIS,howto,1,low,False,how to add excel data to qgis
How to add field in attribute table QGIS,How to add field in attribute table QGIS,howto,1,low,False,how to add field in attribute table qgis
How to add field in QGIS,How to add field in QGIS,howto,1,low,False,how to add field in qgis
How to add geojson to QGIS,How to add geojson to QGIS,howto,1,low,False,how to add geojson to qgis
How to add geopackage to QGIS,How to add geopackage to QGIS,howto,1,low,False,how to add geopackage to qgis
How to add google basemap in QGIS,How to add google basemap in QGIS,howto,1,low,False,how to add google basemap in qgis
How to add google earth basemap in QGIS,How to add google earth basemap in QGIS,howto,1,low,False,how to add google earth basemap in qgis
How to add google earth imagery to QGIS,How to add google earth imagery to QGIS,howto,1,low,False,how to add google earth imagery to qgis
How to add google earth map in QGIS,How to add google earth map in QGIS,howto,1,low,False,how to add google earth map in qgis
How to add google hybrid in QGIS,How to add google hybrid in QGIS,howto,1,low,False,how to add google hybrid in qgis
How to add google map layer in QGIS,How to add google map layer in QGIS,howto,1,low,False,how to add google map layer in qgis
How to add google maps layer to QGIS,How to add google maps layer to QGIS,howto,1,low,False,how to add google maps layer to qgis
How to add google maps layers in QGIS 3,How to add google maps layers in QGIS 3,howto,1,low,False,how to add google maps layers in qgis 3
How to add google satellite map in QGIS,How to add google satellite map in QGIS,howto,1,low,False,how to add google satellite map in qgis
How to add gps data to QGIS,How to add gps data to QGIS,howto,1,low,False,how to add gps data to qgis
How to add grid coordinates in QGIS,How to add grid coordinates in QGIS,howto,1,low,False,how to add grid coordinates in qgis
How to add grid in QGIS layout,How to add grid in QGIS layout,howto,1,low,False,how to add grid in qgis layout
How to add grid to map in QGIS,How to add grid to map in QGIS,howto,1,low,False,how to add grid to map in qgis
How to add image in QGIS,How to add image in QGIS,howto,1,low,False,how to add image in qgis
How to add imagery to QGIS,How to add imagery to QGIS,howto,1,low,False,how to add imagery to qgis
How to add kml file in QGIS,How to add kml file in QGIS,howto,1,low,False,how to add kml file in qgis
How to add kml to QGIS,How to add kml to QGIS,howto,1,low,False,how to add kml to qgis
How to add kmz file to QGIS,How to add kmz file to QGIS,howto,1,low,False,how to add kmz file to qgis
How to add kmz to QGIS,How to add kmz to QGIS,howto,1,low,False,how to add kmz to qgis
How to add lat long in QGIS,How to add lat long in QGIS,howto,1,low,False,how to add lat long in qgis
How to add latitude and longitude in QGIS,How to add latitude and longitude in QGIS,howto,1,low,False,how to add latitude and longitude in qgis
How to add latitude and longitude in QGIS layout,How to add latitude and longitude in QGIS layout,howto,1,low,False,how to add latitude and longitude in qgis layout
How to add layer panel in QGIS,How to add layer panel in QGIS,howto,1,low,False,how to add layer panel in qgis
How to add legend in QGIS map,How to add legend in QGIS map,howto,1,low,False,how to add legend in qgis map
How to add line in QGIS,How to add line in QGIS,howto,1,low,False,how to add line in qgis
How to add longitude and latitude in QGIS,How to add longitude and latitude in QGIS,howto,1,low,False,how to add longitude and latitude in qgis
How to add map layer in QGIS,How to add map layer in QGIS,howto,1,low,False,how to add map layer in qgis
How to add open street maps to QGIS,How to add open street maps to QGIS,howto,1,low,False,how to add open street maps to qgis
How to add photos to QGIS,How to add photos to QGIS,howto,1,low,False,how to add photos to qgis
How to add plugin QGIS,How to add plugin QGIS,howto,1,low,False,how to add plugin qgis
How to add point coordinates in QGIS,How to add point coordinates in QGIS,howto,1,low,False,how to add point coordinates in qgis
How to add point layer in QGIS,How to add point layer in QGIS,howto,1,low,False,how to add point layer in qgis
How to add polygon layer in QGIS,How to add polygon layer in QGIS,howto,1,low,False,how to add polygon layer in qgis
How to add processing toolbox in QGIS,How to add processing toolbox in QGIS,howto,1,low,False,how to add processing toolbox in qgis
How to add quick map services in QGIS,How to add quick map services in QGIS,howto,1,low,False,how to add quick map services in qgis
How to add raster layer in QGIS,How to add raster layer in QGIS,howto,1,low,False,how to add raster layer in qgis
How to add satellite basemap in QGIS,How to add satellite basemap in QGIS,howto,1,low,False,how to add satellite basemap in qgis
How to add satellite imagery to QGIS,How to add satellite imagery to QGIS,howto,1,low,False,how to add satellite imagery to qgis
How to add satellite map in QGIS,How to add satellite map in QGIS,howto,1,low,False,how to add satellite map in qgis
How to add scale in QGIS,How to add scale in QGIS,howto,1,low,False,how to add scale in qgis
How to add symbols in QGIS,How to add symbols in QGIS,howto,1,low,False,how to add symbols in qgis
How to add text in QGIS,How to add text in QGIS,howto,1,low,False,how to add text in qgis
How to add tif file to QGIS,How to add tif file to QGIS,howto,1,low,False,how to add tif file to qgis
How to add vector layer in QGIS,How to add vector layer in QGIS,howto,1,low,False,how to add vector layer in qgis
How to add world map in QGIS,How to add world map in QGIS,howto,1,low,False,how to add world map in qgis
How to add xml file in QGIS,How to add xml file in QGIS,howto,1,low,False,how to add xml file in qgis
How to add xy coordinates in QGIS,How to add xy coordinates in QGIS,howto,1,low,False,how to add xy coordinates in qgis
How to add xy data in QGIS,How to add xy data in QGIS,howto,1,low,False,how to add xy data in qgis
How to add xyz tiles in QGIS,How to add xyz tiles in QGIS,howto,1,low,False,how to add xyz tiles in qgis
How to buffer in QGIS,How to buffer in QGIS,howto,1,low,False,how to buffer in qgis
How to calculate area in attribute table QGIS,How to calculate area in attribute table QGIS,howto,1,low,False,how to calculate area in attribute table qgis
How to calculate area in hectares in QGIS,How to calculate area in hectares in QGIS,howto,1,low,False,how to calculate area in hectares in qgis
How to calculate area in QGIS attribute table,How to calculate area in QGIS attribute table,howto,1,low,False,how to calculate area in qgis attribute table
How to calculate area of raster in QGIS,How to calculate area of raster in QGIS,howto,1,low,False,how to calculate area of raster in qgis
How to calculate geometry in QGIS,How to calculate geometry in QGIS,howto,1,low,False,how to calculate geometry in qgis
How to calculate length in QGIS,How to calculate length in QGIS,howto,1,low,False,how to calculate length in qgis
How to calculate length in QGIS attribute table,How to calculate length in QGIS attribute table,howto,1,low,False,how to calculate length in qgis attribute table
How to calculate length of a line in QGIS,How to calculate length of a line in QGIS,howto,1,low,False,how to calculate length of a line in qgis
How to calculate ndvi in QGIS,How to calculate ndvi in QGIS,howto,1,low,False,how to calculate ndvi in qgis
How to calculate polygon area in QGIS,How to calculate polygon area in QGIS,howto,1,low,False,how to calculate polygon area in qgis
How to calculate raster area in QGIS,How to calculate raster area in QGIS,howto,1,low,False,how to calculate raster area in qgis
How to calculate slope in QGIS,How to calculate slope in QGIS,howto,1,low,False,how to calculate slope in qgis
How to change background color in QGIS,How to change background color in QGIS,howto,1,low,False,how to change background color in qgis
How to change buffer distance unit in QGIS,How to change buffer distance unit in QGIS,howto,1,low,False,how to change buffer distance unit in qgis
How to change central meridian QGIS,How to change central meridian QGIS,howto,1,low,False,how to change central meridian qgis
How to change coordinate system in QGIS,How to change coordinate system in QGIS,howto,1,low,False,how to change coordinate system in qgis
How to change crs in QGIS,How to change crs in QGIS,howto,1,low,False,how to change crs in qgis
How to change field name in attribute table QGIS,How to change field name in attribute table QGIS,howto,1,low,False,how to change field name in attribute table qgis
How to change field name in QGIS,How to change field name in QGIS,howto,1,low,False,how to change field name in qgis
How to change field type in QGIS,How to change field type in QGIS,howto,1,low,False,how to change field type in qgis
How to change layout size in QGIS,How to change layout size in QGIS,howto,1,low,False,how to change layout size in qgis
How to change polygon color in QGIS,How to change polygon color in QGIS,howto,1,low,False,how to change polygon color in qgis
How to change projection in QGIS,How to change projection in QGIS,howto,1,low,False,how to change projection in qgis
How to change raster values in QGIS,How to change raster values in QGIS,howto,1,low,False,how to change raster values in qgis
How to change symbology in QGIS,How to change symbology in QGIS,howto,1,low,False,how to change symbology in qgis
How to change units in QGIS,How to change units in QGIS,howto,1,low,False,how to change units in qgis
How to cite QGIS,How to cite QGIS,howto,1,low,False,how to cite qgis
How to clip a raster layer in QGIS,How to clip a raster layer in QGIS,howto,1,low,False,how to clip a raster layer in qgis
How to clip a raster with a shapefile QGIS,How to clip a raster with a shapefile QGIS,howto,1,low,False,how to clip a raster with a shapefile qgis
How to clip basemap in QGIS,How to clip basemap in QGIS,howto,1,low,False,how to clip basemap in qgis
How to clip data in QGIS,How to clip data in QGIS,howto,1,low,False,how to clip data in qgis
How to clip dem in QGIS,How to clip dem in QGIS,howto,1,low,False,how to clip dem in qgis
How to clip google satellite in QGIS,How to clip google satellite in QGIS,howto,1,low,False,how to clip google satellite in qgis
How to clip openstreetmap in QGIS,How to clip openstreetmap in QGIS,howto,1,low,False,how to clip openstreetmap in qgis
How to clip polygon in QGIS,How to clip polygon in QGIS,howto,1,low,False,how to clip polygon in qgis
How to clip tiff file in QGIS,How to clip tiff file in QGIS,howto,1,low,False,how to clip tiff file in qgis
How to clip vector data in QGIS,How to clip vector data in QGIS,howto,1,low,False,how to clip vector data in qgis
How to clip vector QGIS,How to clip vector QGIS,howto,1,low,False,how to clip vector qgis
How to combine layers in QGIS,How to combine layers in QGIS,howto,1,low,False,how to combine layers in qgis
How to combine polygons in QGIS,How to combine polygons in QGIS,howto,1,low,False,how to combine polygons in qgis
How to combine raster layers in QGIS,How to combine raster layers in QGIS,howto,1,low,False,how to combine raster layers in qgis
How to combine shapefiles in QGIS,How to combine shapefiles in QGIS,howto,1,low,False,how to combine shapefiles in qgis
How to combine two layers in QGIS,How to combine two layers in QGIS,howto,1,low,False,how to combine two layers in qgis
How to convert attribute table to excel in QGIS,How to convert attribute table to excel in QGIS,howto,1,low,False,how to convert attribute table to excel in qgis
How to convert csv file to shapefile in QGIS,How to convert csv file to shapefile in QGIS,howto,1,low,False,how to convert csv file to shapefile in qgis
How to convert csv to shapefile in QGIS,How to convert csv to shapefile in QGIS,howto,1,low,False,how to convert csv to shapefile in qgis
How to convert dwg to shapefile in QGIS,How to convert dwg to shapefile in QGIS,howto,1,low,False,how to convert dwg to shapefile in qgis
How to convert excel to shapefile in QGIS,How to convert excel to shapefile in QGIS,howto,1,low,False,how to convert excel to shapefile in qgis
How to convert kml file to shapefile in QGIS,How to convert kml file to shapefile in QGIS,howto,1,low,False,how to convert kml file to shapefile in qgis
How to convert kml to shapefile in QGIS,How to convert kml to shapefile in QGIS,howto,1,low,False,how to convert kml to shapefile in qgis
How to convert kmz file to shapefile in QGIS,How to convert kmz file to shapefile in QGIS,howto,1,low,False,how to convert kmz file to shapefile in qgis
How to convert kmz to shapefile in QGIS,How to convert kmz to shapefile in QGIS,howto,1,low,False,how to convert kmz to shapefile in qgis
How to convert line to polygon in QGIS,How to convert line to polygon in QGIS,howto,1,low,False,how to convert line to polygon in qgis
How to convert osm to shapefile in QGIS,How to convert osm to shapefile in QGIS,howto,1,low,False,how to convert osm to shapefile in qgis
How to convert points to polygon in QGIS,How to convert points to polygon in QGIS,howto,1,low,False,how to convert points to polygon in qgis
How to convert polygon to line in QGIS,How to convert polygon to line in QGIS,howto,1,low,False,how to convert polygon to line in qgis
How to convert polygon to point in QGIS,How to convert polygon to point in QGIS,howto,1,low,False,how to convert polygon to point in qgis
How to convert raster to vector in QGIS,How to convert raster to vector in QGIS,howto,1,low,False,how to convert raster to vector in qgis
How to convert shapefile to geojson in QGIS,How to convert shapefile to geojson in QGIS,howto,1,low,False,how to convert shapefile to geojson in qgis
How to convert shapefile to kml in QGIS,How to convert shapefile to kml in QGIS,howto,1,low,False,how to convert shapefile to kml in qgis
How to convert shapefile to raster in QGIS,How to convert shapefile to raster in QGIS,howto,1,low,False,how to convert shapefile to raster in qgis
How to convert tab file to shapefile in QGIS,How to convert tab file to shapefile in QGIS,howto,1,low,False,how to convert tab file to shapefile in qgis
How to convert vector to raster in QGIS,How to convert vector to raster in QGIS,howto,1,low,False,how to convert vector to raster in qgis
How to copy attribute table in QGIS,How to copy attribute table in QGIS,howto,1,low,False,how to copy attribute table in qgis
How to create 3d map in QGIS,How to create 3d map in QGIS,howto,1,low,False,how to create 3d map in qgis
How to create a basemap in QGIS,How to create a basemap in QGIS,howto,1,low,False,how to create a basemap in qgis
How to create a boundary in QGIS,How to create a boundary in QGIS,howto,1,low,False,how to create a boundary in qgis
How to create a buffer around a point in QGIS,How to create a buffer around a point in QGIS,howto,1,low,False,how to create a buffer around a point in qgis
How to create a geotiff in QGIS,How to create a geotiff in QGIS,howto,1,low,False,how to create a geotiff in qgis
How to create a heat map in QGIS,How to create a heat map in QGIS,howto,1,low,False,how to create a heat map in qgis
How to create a layer in QGIS,How to create a layer in QGIS,howto,1,low,False,how to create a layer in qgis
How to create a polygon layer in QGIS,How to create a polygon layer in QGIS,howto,1,low,False,how to create a polygon layer in qgis
How to create a shapefile layer in QGIS,How to create a shapefile layer in QGIS,howto,1,low,False,how to create a shapefile layer in qgis
How to create buffer zone in QGIS,How to create buffer zone in QGIS,howto,1,low,False,how to create buffer zone in qgis
How to create contour lines in QGIS,How to create contour lines in QGIS,howto,1,low,False,how to create contour lines in qgis
How to create contour map in QGIS,How to create contour map in QGIS,howto,1,low,False,how to create contour map in qgis
How to create contours in QGIS,How to create contours in QGIS,howto,1,low,False,how to create contours in qgis
How to create digital elevation model in QGIS,How to create digital elevation model in QGIS,howto,1,low,False,how to create digital elevation model in qgis
How to create elevation map in QGIS,How to create elevation map in QGIS,howto,1,low,False,how to create elevation map in qgis
How to create geological map in QGIS,How to create geological map in QGIS,howto,1,low,False,how to create geological map in qgis
How to create map layout in QGIS,How to create map layout in QGIS,howto,1,low,False,how to create map layout in qgis
How to create shape file in QGIS,How to create shape file in QGIS,howto,1,low,False,how to create shape file in qgis
How to create slope map in QGIS,How to create slope map in QGIS,howto,1,low,False,how to create slope map in qgis
How to create spatial index in QGIS,How to create spatial index in QGIS,howto,1,low,False,how to create spatial index in qgis
How to create study area map in QGIS,How to create study area map in QGIS,howto,1,low,False,how to create study area map in qgis
How to crop in QGIS,How to crop in QGIS,howto,1,low,False,how to crop in qgis
How to crop map in QGIS print layout,How to crop map in QGIS print layout,howto,1,low,False,how to crop map in qgis print layout
How to delete a column in attribute table QGIS,How to delete a column in attribute table QGIS,howto,1,low,False,how to delete a column in attribute table qgis
How to delete selected features in QGIS,How to delete selected features in QGIS,howto,1,low,False,how to delete selected features in qgis
How to deselect features in QGIS,How to deselect features in QGIS,howto,1,low,False,how to deselect features in qgis
How to deselect in QGIS,How to deselect in QGIS,howto,1,low,False,how to deselect in qgis
How to digitize a map in QGIS,How to digitize a map in QGIS,howto,1,low,False,how to digitize a map in qgis
How to do a join in QGIS,How to do a join in QGIS,howto,1,low,False,how to do a join in qgis
How to do a spatial join in QGIS,How to do a spatial join in QGIS,howto,1,low,False,how to do a spatial join in qgis
How to do georeferencing in QGIS,How to do georeferencing in QGIS,howto,1,low,False,how to do georeferencing in qgis
How to do heat map in QGIS,How to do heat map in QGIS,howto,1,low,False,how to do heat map in qgis
How to do supervised classification in QGIS,How to do supervised classification in QGIS,howto,1,low,False,how to do supervised classification in qgis
How to do unsupervised classification in QGIS,How to do unsupervised classification in QGIS,howto,1,low,False,how to do unsupervised classification in qgis
How to download attribute table in QGIS,How to download attribute table in QGIS,howto,1,low,False,how to download attribute table in qgis
How to download dem in QGIS,How to download dem in QGIS,howto,1,low,False,how to download dem in qgis
How to download google earth image in QGIS,How to download google earth image in QGIS,howto,1,low,False,how to download google earth image in qgis
How to download osm data in QGIS,How to download osm data in QGIS,howto,1,low,False,how to download osm data in qgis
How to download QGIS,How to download QGIS,howto,1,low,False,how to download qgis
How to download QGIS on mac,How to download QGIS on mac,howto,1,low,False,how to download qgis on mac
How to download QGIS on windows,How to download QGIS on windows,howto,1,low,False,how to download qgis on windows
How to download QGIS software in laptop,How to download QGIS software in laptop,howto,1,low,False,how to download qgis software in laptop
How to download satellite image in QGIS,How to download satellite image in QGIS,howto,1,low,False,how to download satellite image in qgis
How to download shapefile for QGIS,How to download shapefile for QGIS,howto,1,low,False,how to download shapefile for qgis
How to draw a shape in QGIS,How to draw a shape in QGIS,howto,1,low,False,how to draw a shape in qgis
How to draw a square in QGIS,How to draw a square in QGIS,howto,1,low,False,how to draw a square in qgis
How to edit a layer in QGIS,How to edit a layer in QGIS,howto,1,low,False,how to edit a layer in qgis
How to edit attribute table in QGIS,How to edit attribute table in QGIS,howto,1,low,False,how to edit attribute table in qgis
How to enable advanced digitizing tools QGIS,How to enable advanced digitizing tools QGIS,howto,1,low,False,how to enable advanced digitizing tools qgis
How to enable snapping in QGIS,How to enable snapping in QGIS,howto,1,low,False,how to enable snapping in qgis
How to enable toggle editing in QGIS,How to enable toggle editing in QGIS,howto,1,low,False,how to enable toggle editing in qgis
How to export contours from QGIS to cad,How to export contours from QGIS to cad,howto,1,low,False,how to export contours from qgis to cad
How to export data from QGIS to excel,How to export data from QGIS to excel,howto,1,low,False,how to export data from qgis to excel
How to export dwg from QGIS,How to export dwg from QGIS,howto,1,low,False,how to export dwg from qgis
How to export geotiff from QGIS,How to export geotiff from QGIS,howto,1,low,False,how to export geotiff from qgis
How to export image from QGIS,How to export image from QGIS,howto,1,low,False,how to export image from qgis
How to export QGIS,How to export QGIS,howto,1,low,False,how to export qgis
How to export QGIS file to shapefile,How to export QGIS file to shapefile,howto,1,low,False,how to export qgis file to shapefile
How to export QGIS map with legend,How to export QGIS map with legend,howto,1,low,False,how to export qgis map with legend
How to export QGIS to google earth,How to export QGIS to google earth,howto,1,low,False,how to export qgis to google earth
How to extract coordinates from shapefile QGIS,How to extract coordinates from shapefile QGIS,howto,1,low,False,how to extract coordinates from shapefile qgis
How to extract drainage from dem in QGIS,How to extract drainage from dem in QGIS,howto,1,low,False,how to extract drainage from dem in qgis
How to extract shapefile in QGIS,How to extract shapefile in QGIS,howto,1,low,False,how to extract shapefile in qgis
How to filter attribute table in QGIS,How to filter attribute table in QGIS,howto,1,low,False,how to filter attribute table in qgis
How to filter attributes in QGIS,How to filter attributes in QGIS,howto,1,low,False,how to filter attributes in qgis
How to filter data in QGIS,How to filter data in QGIS,howto,1,low,False,how to filter data in qgis
How to filter in QGIS,How to filter in QGIS,howto,1,low,False,how to filter in qgis
How to find area in QGIS,How to find area in QGIS,howto,1,low,False,how to find area in qgis
How to find area of polygon in QGIS,How to find area of polygon in QGIS,howto,1,low,False,how to find area of polygon in qgis
How to find resolution of raster in QGIS,How to find resolution of raster in QGIS,howto,1,low,False,how to find resolution of raster in qgis
How to fix geometries in QGIS,How to fix geometries in QGIS,howto,1,low,False,how to fix geometries in qgis
How to fix geometry in QGIS,How to fix geometry in QGIS,howto,1,low,False,how to fix geometry in qgis
How to generate contours in QGIS,How to generate contours in QGIS,howto,1,low,False,how to generate contours in qgis
How to geocode addresses in QGIS,How to geocode addresses in QGIS,howto,1,low,False,how to geocode addresses in qgis
How to geocode in QGIS,How to geocode in QGIS,howto,1,low,False,how to geocode in qgis
How to georeference a map in QGIS,How to georeference a map in QGIS,howto,1,low,False,how to georeference a map in qgis
How to georeference a pdf in QGIS,How to georeference a pdf in QGIS,howto,1,low,False,how to georeference a pdf in qgis
How to get census data on QGIS,How to get census data on QGIS,howto,1,low,False,how to get census data on qgis
How to get coordinates in QGIS,How to get coordinates in QGIS,howto,1,low,False,how to get coordinates in qgis
How to get coordinates of a polygon in QGIS,How to get coordinates of a polygon in QGIS,howto,1,low,False,how to get coordinates of a polygon in qgis
How to get google earth in QGIS,How to get google earth in QGIS,howto,1,low,False,how to get google earth in qgis
How to get google maps in QGIS,How to get google maps in QGIS,howto,1,low,False,how to get google maps in qgis
How to get google maps into QGIS,How to get google maps into QGIS,howto,1,low,False,how to get google maps into qgis
How to get google satellite in QGIS,How to get google satellite in QGIS,howto,1,low,False,how to get google satellite in qgis
How to get lat and long in QGIS,How to get lat and long in QGIS,howto,1,low,False,how to get lat and long in qgis
How to get processing toolbox in QGIS,How to get processing toolbox in QGIS,howto,1,low,False,how to get processing toolbox in qgis
How to get satellite imagery in QGIS,How to get satellite imagery in QGIS,howto,1,low,False,how to get satellite imagery in qgis
How to get the area of a polygon in QGIS,How to get the area of a polygon in QGIS,howto,1,low,False,how to get the area of a polygon in qgis
How to get the layers panel back in QGIS,How to get the layers panel back in QGIS,howto,1,low,False,how to get the layers panel back in qgis
How to group layers in QGIS,How to group layers in QGIS,howto,1,low,False,how to group layers in qgis
How to import a basemap in QGIS,How to import a basemap in QGIS,howto,1,low,False,how to import a basemap in qgis
How to import coordinates into QGIS,How to import coordinates into QGIS,howto,1,low,False,how to import coordinates into qgis
How to import csv file into QGIS,How to import csv file into QGIS,howto,1,low,False,how to import csv file into qgis
How to import csv into QGIS,How to import csv into QGIS,howto,1,low,False,how to import csv into qgis
How to import data into QGIS,How to import data into QGIS,howto,1,low,False,how to import data into qgis
How to import dwg into QGIS,How to import dwg into QGIS,howto,1,low,False,how to import dwg into qgis
How to import dwg to QGIS,How to import dwg to QGIS,howto,1,low,False,how to import dwg to qgis
How to import excel data into QGIS,How to import excel data into QGIS,howto,1,low,False,how to import excel data into qgis
How to import gdb file in QGIS,How to import gdb file in QGIS,howto,1,low,False,how to import gdb file in qgis
How to import geojson into QGIS,How to import geojson into QGIS,howto,1,low,False,how to import geojson into qgis
How to import google earth into QGIS,How to import google earth into QGIS,howto,1,low,False,how to import google earth into qgis
How to import kml file in QGIS,How to import kml file in QGIS,howto,1,low,False,how to import kml file in qgis
How to import kml file into QGIS,How to import kml file into QGIS,howto,1,low,False,how to import kml file into qgis
How to import kml into QGIS,How to import kml into QGIS,howto,1,low,False,how to import kml into qgis
How to import kml to QGIS,How to import kml to QGIS,howto,1,low,False,how to import kml to qgis
How to import kmz file into QGIS,How to import kmz file into QGIS,howto,1,low,False,how to import kmz file into qgis
How to import kmz file to QGIS,How to import kmz file to QGIS,howto,1,low,False,how to import kmz file to qgis
How to import kmz into QGIS,How to import kmz into QGIS,howto,1,low,False,how to import kmz into qgis
How to import kmz to QGIS,How to import kmz to QGIS,howto,1,low,False,how to import kmz to qgis
How to import osm into QGIS,How to import osm into QGIS,howto,1,low,False,how to import osm into qgis
How to import pdf into QGIS,How to import pdf into QGIS,howto,1,low,False,how to import pdf into qgis
How to import satellite imagery into QGIS,How to import satellite imagery into QGIS,howto,1,low,False,how to import satellite imagery into qgis
How to import shapefile in QGIS,How to import shapefile in QGIS,howto,1,low,False,how to import shapefile in qgis
How to import shapefiles into QGIS,How to import shapefiles into QGIS,howto,1,low,False,how to import shapefiles into qgis
How to insert a north arrow in QGIS,How to insert a north arrow in QGIS,howto,1,low,False,how to insert a north arrow in qgis
How to insert image in QGIS,How to insert image in QGIS,howto,1,low,False,how to insert image in qgis
How to install gdal in QGIS,How to install gdal in QGIS,howto,1,low,False,how to install gdal in qgis
How to install QGIS,How to install QGIS,howto,1,low,False,how to install qgis
How to install QGIS in mac,How to install QGIS in mac,howto,1,low,False,how to install qgis in mac
How to install QGIS in ubuntu,How to install QGIS in ubuntu,howto,1,low,False,how to install qgis in ubuntu
How to install QGIS in ubuntu 20.04,How to install QGIS in ubuntu 20.04,howto,1,low,False,how to install qgis in ubuntu 20.04
How to install QGIS on mac,How to install QGIS on mac,howto,1,low,False,how to install qgis on mac
How to install QGIS on macbook,How to install QGIS on macbook,howto,1,low,False,how to install qgis on macbook
How to install QGIS on ubuntu,How to install QGIS on ubuntu,howto,1,low,False,how to install qgis on ubuntu
How to install QGIS on ubuntu 18.04,How to install QGIS on ubuntu 18.04,howto,1,low,False,how to install qgis on ubuntu 18.04
How to install QGIS on ubuntu 22.04,How to install QGIS on ubuntu 22.04,howto,1,low,False,how to install qgis on ubuntu 22.04
How to install QGIS on windows 10,How to install QGIS on windows 10,howto,1,low,False,how to install qgis on windows 10
How to install QGIS plugin manually,How to install QGIS plugin manually,howto,1,low,False,how to install qgis plugin manually
How to install QGIS server 3.4 on windows 10,How to install QGIS server 3.4 on windows 10,howto,1,low,False,how to install qgis server 3.4 on windows 10
How to install quickmapservices in QGIS,How to install quickmapservices in QGIS,howto,1,low,False,how to install quickmapservices in qgis
How to install scp plugin in QGIS,How to install scp plugin in QGIS,howto,1,low,False,how to install scp plugin in qgis
How to join attribute tables in QGIS,How to join attribute tables in QGIS,howto,1,low,False,how to join attribute tables in qgis
How to join csv to shapefile in QGIS,How to join csv to shapefile in QGIS,howto,1,low,False,how to join csv to shapefile in qgis
How to join data in QGIS,How to join data in QGIS,howto,1,low,False,how to join data in qgis
How to join in QGIS,How to join in QGIS,howto,1,low,False,how to join in qgis
How to join layers in QGIS,How to join layers in QGIS,howto,1,low,False,how to join layers in qgis
How to join tables in QGIS,How to join tables in QGIS,howto,1,low,False,how to join tables in qgis
How to join two attribute tables in QGIS,How to join two attribute tables in QGIS,howto,1,low,False,how to join two attribute tables in qgis
How to join two layers in QGIS,How to join two layers in QGIS,howto,1,low,False,how to join two layers in qgis
How to label in QGIS,How to label in QGIS,howto,1,low,False,how to label in qgis
How to load basemap in QGIS,How to load basemap in QGIS,howto,1,low,False,how to load basemap in qgis
How to load geojson in QGIS,How to load geojson in QGIS,howto,1,low,False,how to load geojson in qgis
How to load google earth in QGIS,How to load google earth in QGIS,howto,1,low,False,how to load google earth in qgis
How to load shapefile in QGIS,How to load shapefile in QGIS,howto,1,low,False,how to load shapefile in qgis
How to make a grid in QGIS,How to make a grid in QGIS,howto,1,low,False,how to make a grid in qgis
How to make a heat map in QGIS,How to make a heat map in QGIS,howto,1,low,False,how to make a heat map in qgis
How to make a layout in QGIS,How to make a layout in QGIS,howto,1,low,False,how to make a layout in qgis
How to make a legend in QGIS,How to make a legend in QGIS,howto,1,low,False,how to make a legend in qgis
How to make a point layer in QGIS,How to make a point layer in QGIS,howto,1,low,False,how to make a point layer in qgis
How to make a scale bar in QGIS,How to make a scale bar in QGIS,howto,1,low,False,how to make a scale bar in qgis
How to make a scratch layer permanent in QGIS,How to make a scratch layer permanent in QGIS,howto,1,low,False,how to make a scratch layer permanent in qgis
How to make a square polygon in QGIS,How to make a square polygon in QGIS,howto,1,low,False,how to make a square polygon in qgis
How to make contour lines in QGIS,How to make contour lines in QGIS,howto,1,low,False,how to make contour lines in qgis
How to make contour map in QGIS,How to make contour map in QGIS,howto,1,low,False,how to make contour map in qgis
How to make hillshade in QGIS,How to make hillshade in QGIS,howto,1,low,False,how to make hillshade in qgis
How to make map in QGIS using coordinates,How to make map in QGIS using coordinates,howto,1,low,False,how to make map in qgis using coordinates
How to make QGIS run faster,How to make QGIS run faster,howto,1,low,False,how to make qgis run faster
How to make shape file in QGIS,How to make shape file in QGIS,howto,1,low,False,how to make shape file in qgis
How to make study area map in QGIS,How to make study area map in QGIS,howto,1,low,False,how to make study area map in qgis
How to measure area in QGIS,How to measure area in QGIS,howto,1,low,False,how to measure area in qgis
How to measure distance in QGIS,How to measure distance in QGIS,howto,1,low,False,how to measure distance in qgis
How to measure in QGIS,How to measure in QGIS,howto,1,low,False,how to measure in qgis
How to merge attribute tables in QGIS,How to merge attribute tables in QGIS,howto,1,low,False,how to merge attribute tables in qgis
How to merge attributes in QGIS,How to merge attributes in QGIS,howto,1,low,False,how to merge attributes in qgis
How to merge dem in QGIS,How to merge dem in QGIS,howto,1,low,False,how to merge dem in qgis
How to merge features in QGIS,How to merge features in QGIS,howto,1,low,False,how to merge features in qgis
How to merge in QGIS,How to merge in QGIS,howto,1,low,False,how to merge in qgis
How to merge lines in QGIS,How to merge lines in QGIS,howto,1,low,False,how to merge lines in qgis
How to merge multiple polygons into one QGIS,How to merge multiple polygons into one QGIS,howto,1,low,False,how to merge multiple polygons into one qgis
How to merge multiple shapefiles into one QGIS,How to merge multiple shapefiles into one QGIS,howto,1,low,False,how to merge multiple shapefiles into one qgis
How to merge raster layers in QGIS,How to merge raster layers in QGIS,howto,1,low,False,how to merge raster layers in qgis
How to merge rasters in QGIS,How to merge rasters in QGIS,howto,1,low,False,how to merge rasters in qgis
How to merge tiff files in QGIS,How to merge tiff files in QGIS,howto,1,low,False,how to merge tiff files in qgis
How to merge two attribute tables in QGIS,How to merge two attribute tables in QGIS,howto,1,low,False,how to merge two attribute tables in qgis
How to merge two layers in QGIS,How to merge two layers in QGIS,howto,1,low,False,how to merge two layers in qgis
How to merge two polygons in QGIS,How to merge two polygons in QGIS,howto,1,low,False,how to merge two polygons in qgis
How to merge two shapefiles in QGIS,How to merge two shapefiles in QGIS,howto,1,low,False,how to merge two shapefiles in qgis
How to merge two vector layers in QGIS,How to merge two vector layers in QGIS,howto,1,low,False,how to merge two vector layers in qgis
How to merge vector layers in QGIS,How to merge vector layers in QGIS,howto,1,low,False,how to merge vector layers in qgis
How to move individual labels in QGIS,How to move individual labels in QGIS,howto,1,low,False,how to move individual labels in qgis
How to move labels in QGIS,How to move labels in QGIS,howto,1,low,False,how to move labels in qgis
How to open .gdb in QGIS,How to open .gdb in QGIS,howto,1,low,False,how to open .gdb in qgis
How to open aprx file in QGIS,How to open aprx file in QGIS,howto,1,low,False,how to open aprx file in qgis
How to open arcgis files in QGIS,How to open arcgis files in QGIS,howto,1,low,False,how to open arcgis files in qgis
How to open attribute table in QGIS,How to open attribute table in QGIS,howto,1,low,False,how to open attribute table in qgis
How to open basemap in QGIS,How to open basemap in QGIS,howto,1,low,False,how to open basemap in qgis
How to open cpg file in QGIS,How to open cpg file in QGIS,howto,1,low,False,how to open cpg file in qgis
How to open csv file in QGIS,How to open csv file in QGIS,howto,1,low,False,how to open csv file in qgis
How to open dbf file in QGIS,How to open dbf file in QGIS,howto,1,low,False,how to open dbf file in qgis
How to open dwg file in QGIS,How to open dwg file in QGIS,howto,1,low,False,how to open dwg file in qgis
How to open dwg in QGIS,How to open dwg in QGIS,howto,1,low,False,how to open dwg in qgis
How to open gdbtable file in QGIS,How to open gdbtable file in QGIS,howto,1,low,False,how to open gdbtable file in qgis
How to open geojson file in QGIS,How to open geojson file in QGIS,howto,1,low,False,how to open geojson file in qgis
How to open geojson in QGIS,How to open geojson in QGIS,howto,1,low,False,how to open geojson in qgis
How to open geotiff in QGIS,How to open geotiff in QGIS,howto,1,low,False,how to open geotiff in qgis
How to open gis data file in QGIS,How to open gis data file in QGIS,howto,1,low,False,how to open gis data file in qgis
How to open google earth in QGIS,How to open google earth in QGIS,howto,1,low,False,how to open google earth in qgis
How to open google earth map in QGIS,How to open google earth map in QGIS,howto,1,low,False,how to open google earth map in qgis
How to open google map in QGIS,How to open google map in QGIS,howto,1,low,False,how to open google map in qgis
How to open google satellite map in QGIS,How to open google satellite map in QGIS,howto,1,low,False,how to open google satellite map in qgis
How to open gpkg in QGIS,How to open gpkg in QGIS,howto,1,low,False,how to open gpkg in qgis
How to open grd file in QGIS,How to open grd file in QGIS,howto,1,low,False,how to open grd file in qgis
How to open json file in QGIS,How to open json file in QGIS,howto,1,low,False,how to open json file in qgis
How to open kml file in QGIS,How to open kml file in QGIS,howto,1,low,False,how to open kml file in qgis
How to open kml in QGIS,How to open kml in QGIS,howto,1,low,False,how to open kml in qgis
How to open kmz file in QGIS,How to open kmz file in QGIS,howto,1,low,False,how to open kmz file in qgis
How to open kmz in QGIS,How to open kmz in QGIS,howto,1,low,False,how to open kmz in qgis
How to open layer panel in QGIS,How to open layer panel in QGIS,howto,1,low,False,how to open layer panel in qgis
How to open laz file in QGIS,How to open laz file in QGIS,howto,1,low,False,how to open laz file in qgis
How to open lpk file in QGIS,How to open lpk file in QGIS,howto,1,low,False,how to open lpk file in qgis
How to open lyr file in QGIS,How to open lyr file in QGIS,howto,1,low,False,how to open lyr file in qgis
How to open mpk file in QGIS,How to open mpk file in QGIS,howto,1,low,False,how to open mpk file in qgis
How to open mxd file in QGIS,How to open mxd file in QGIS,howto,1,low,False,how to open mxd file in qgis
How to open nc file in QGIS,How to open nc file in QGIS,howto,1,low,False,how to open nc file in qgis
How to open netcdf file in QGIS,How to open netcdf file in QGIS,howto,1,low,False,how to open netcdf file in qgis
How to open openstreetmap in QGIS,How to open openstreetmap in QGIS,howto,1,low,False,how to open openstreetmap in qgis
How to open osm file in QGIS,How to open osm file in QGIS,howto,1,low,False,how to open osm file in qgis
How to open osm in QGIS,How to open osm in QGIS,howto,1,low,False,how to open osm in qgis
How to open prj file in QGIS,How to open prj file in QGIS,howto,1,low,False,how to open prj file in qgis
How to open QGIS,How to open QGIS,howto,1,low,False,how to open qgis
How to open QGIS file in arcgis,How to open QGIS file in arcgis,howto,1,low,False,how to open qgis file in arcgis
How to open QGIS on mac,How to open QGIS on mac,howto,1,low,False,how to open qgis on mac
How to open qml file in QGIS,How to open qml file in QGIS,howto,1,low,False,how to open qml file in qgis
How to open shp file in QGIS,How to open shp file in QGIS,howto,1,low,False,how to open shp file in qgis
How to open tiff file in QGIS,How to open tiff file in QGIS,howto,1,low,False,how to open tiff file in qgis
How to open xml file in QGIS,How to open xml file in QGIS,howto,1,low,False,how to open xml file in qgis
How to plot addresses in QGIS,How to plot addresses in QGIS,howto,1,low,False,how to plot addresses in qgis
How to plot coordinates in QGIS,How to plot coordinates in QGIS,howto,1,low,False,how to plot coordinates in qgis
How to program QGIS,How to program QGIS,howto,1,low,False,how to program qgis
How to project data in QGIS,How to project data in QGIS,howto,1,low,False,how to project data in qgis
How to project in QGIS,How to project in QGIS,howto,1,low,False,how to project in qgis
How to publish QGIS map on web,How to publish QGIS map on web,howto,1,low,False,how to publish qgis map on web
How to put coordinates in QGIS,How to put coordinates in QGIS,howto,1,low,False,how to put coordinates in qgis
How to put kml file into QGIS,How to put kml file into QGIS,howto,1,low,False,how to put kml file into qgis
How to rasterize in QGIS,How to rasterize in QGIS,howto,1,low,False,how to rasterize in qgis
How to read sima in QGIS,How to read sima in QGIS,howto,1,low,False,how to read sima in qgis
How to reclassify raster in QGIS,How to reclassify raster in QGIS,howto,1,low,False,how to reclassify raster in qgis
How to reinstall QGIS,How to reinstall QGIS,howto,1,low,False,how to reinstall qgis
How to remove no data values from raster QGIS,How to remove no data values from raster QGIS,howto,1,low,False,how to remove no data values from raster qgis
How to rename a column in QGIS,How to rename a column in QGIS,howto,1,low,False,how to rename a column in qgis
How to rename attribute field in QGIS 3,How to rename attribute field in QGIS 3,howto,1,low,False,how to rename attribute field in qgis 3
How to rename field in attribute table QGIS,How to rename field in attribute table QGIS,howto,1,low,False,how to rename field in attribute table qgis
How to repair data source in QGIS,How to repair data source in QGIS,howto,1,low,False,how to repair data source in qgis
How to reproject a shapefile in QGIS,How to reproject a shapefile in QGIS,howto,1,low,False,how to reproject a shapefile in qgis
How to reproject raster in QGIS,How to reproject raster in QGIS,howto,1,low,False,how to reproject raster in qgis
How to reproject vector layer in QGIS,How to reproject vector layer in QGIS,howto,1,low,False,how to reproject vector layer in qgis
How to resample raster in QGIS,How to resample raster in QGIS,howto,1,low,False,how to resample raster in qgis
How to reset QGIS to default settings,How to reset QGIS to default settings,howto,1,low,False,how to reset qgis to default settings
How to restart QGIS,How to restart QGIS,howto,1,low,False,how to restart qgis
How to rubber sheet in QGIS,How to rubber sheet in QGIS,howto,1,low,False,how to rubber sheet in qgis
How to save attribute table to excel QGIS,How to save attribute table to excel QGIS,howto,1,low,False,how to save attribute table to excel qgis
How to save geopackage in QGIS,How to save geopackage in QGIS,howto,1,low,False,how to save geopackage in qgis
How to save joined layer in QGIS,How to save joined layer in QGIS,howto,1,low,False,how to save joined layer in qgis
How to save layers in QGIS,How to save layers in QGIS,howto,1,low,False,how to save layers in qgis
How to save QGIS project,How to save QGIS project,howto,1,low,False,how to save qgis project
How to save QGIS project as geopackage,How to save QGIS project as geopackage,howto,1,low,False,how to save qgis project as geopackage
How to save selected features in QGIS,How to save selected features in QGIS,howto,1,low,False,how to save selected features in qgis
How to save temporary scratch layers QGIS,How to save temporary scratch layers QGIS,howto,1,low,False,how to save temporary scratch layers qgis
How to search coordinates in QGIS,How to search coordinates in QGIS,howto,1,low,False,how to search coordinates in qgis
How to search in QGIS,How to search in QGIS,howto,1,low,False,how to search in qgis
How to select a polygon in QGIS,How to select a polygon in QGIS,howto,1,low,False,how to select a polygon in qgis
How to select by expression in QGIS,How to select by expression in QGIS,howto,1,low,False,how to select by expression in qgis
How to select in QGIS,How to select in QGIS,howto,1,low,False,how to select in qgis
How to select multiple features in QGIS,How to select multiple features in QGIS,howto,1,low,False,how to select multiple features in qgis
How to select points within a polygon in QGIS,How to select points within a polygon in QGIS,howto,1,low,False,how to select points within a polygon in qgis
How to set coordinate system in QGIS,How to set coordinate system in QGIS,howto,1,low,False,how to set coordinate system in qgis
How to set crs in QGIS,How to set crs in QGIS,howto,1,low,False,how to set crs in qgis
How to set projection in QGIS,How to set projection in QGIS,howto,1,low,False,how to set projection in qgis
How to show layer panel in QGIS,How to show layer panel in QGIS,howto,1,low,False,how to show layer panel in qgis
How to show layers in QGIS,How to show layers in QGIS,howto,1,low,False,how to show layers in qgis
How to snap in QGIS,How to snap in QGIS,howto,1,low,False,how to snap in qgis
How to split a line in QGIS,How to split a line in QGIS,howto,1,low,False,how to split a line in qgis
How to split features in QGIS,How to split features in QGIS,howto,1,low,False,how to split features in qgis
How to split shapefile in QGIS,How to split shapefile in QGIS,howto,1,low,False,how to split shapefile in qgis
How to start QGIS,How to start QGIS,howto,1,low,False,how to start qgis
How to turn on snapping in QGIS,How to turn on snapping in QGIS,howto,1,low,False,how to turn on snapping in qgis
How to uninstall QGIS,How to uninstall QGIS,howto,1,low,False,how to uninstall qgis
How to uninstall QGIS mac,How to uninstall QGIS mac,howto,1,low,False,how to uninstall qgis mac
How to uninstall QGIS on mac,How to uninstall QGIS on mac,howto,1,low,False,how to uninstall qgis on mac
How to update QGIS,How to update QGIS,howto,1,low,False,how to update qgis
How to update QGIS on mac,How to update QGIS on mac,howto,1,low,False,how to update qgis on mac
How to update QGIS to latest version,How to update QGIS to latest version,howto,1,low,False,how to update qgis to latest version
How to upgrade QGIS,How to upgrade QGIS,howto,1,low,False,how to upgrade qgis
How to use a geodatabase in QGIS,How to use a geodatabase in QGIS,howto,1,low,False,how to use a geodatabase in qgis
How to use autotrace QGIS,How to use autotrace QGIS,howto,1,low,False,how to use autotrace qgis
How to use clipper in QGIS,How to use clipper in QGIS,howto,1,low,False,how to use clipper in qgis
How to use composer manager in QGIS,How to use composer manager in QGIS,howto,1,low,False,how to use composer manager in qgis
How to use gdb files in QGIS,How to use gdb files in QGIS,howto,1,low,False,how to use gdb files in qgis
How to use geopackage in QGIS,How to use geopackage in QGIS,howto,1,low,False,how to use geopackage in qgis
How to use google earth in QGIS,How to use google earth in QGIS,howto,1,low,False,how to use google earth in qgis
How to use google maps in QGIS,How to use google maps in QGIS,howto,1,low,False,how to use google maps in qgis
How to use print composer in QGIS,How to use print composer in QGIS,howto,1,low,False,how to use print composer in qgis
How to use python in QGIS,How to use python in QGIS,howto,1,low,False,how to use python in qgis
How to use quick map services in QGIS,How to use quick map services in QGIS,howto,1,low,False,how to use quick map services in qgis
How to use quickmapservices in QGIS,How to use quickmapservices in QGIS,howto,1,low,False,how to use quickmapservices in qgis
How to use quickosm in QGIS,How to use quickosm in QGIS,howto,1,low,False,how to use quickosm in qgis
How to use raster calculator in QGIS,How to use raster calculator in QGIS,howto,1,low,False,how to use raster calculator in qgis
How to view attribute table in QGIS,How to view attribute table in QGIS,howto,1,low,False,how to view attribute table in qgis
How to view layers in QGIS,How to view layers in QGIS,howto,1,low,False,how to view layers in qgis
How to view map in QGIS,How to view map in QGIS,howto,1,low,False,how to view map in qgis
connect qgis to mysql,How to Integrate QGIS with Mysql,integration,1,low,False,connect qgis to mysql
how to connect google earth to qgis,How to Integrate QGIS with Google Rth,integration,1,low,False,how to connect google earth to qgis
qgis connect lines,How to Integrate QGIS with Es,integration,1,low,False,qgis connect lines
qgis connect points with lines,How to Integrate QGIS with Po Ts Es,integration,1,low,False,qgis connect points with lines
qgis connect to arcgis server,How to Integrate QGIS with Rcgis,integration,1,low,False,qgis connect to arcgis server
qgis connect to database,How to Integrate QGIS with Se,integration,1,low,False,qgis connect to database
qgis connect to geodatabase,How to Integrate QGIS with Geod Se,integration,1,low,False,qgis connect to geodatabase
qgis connect to postgres,How to Integrate QGIS with Postgres,integration,1,low,False,qgis connect to postgres
qgis connect to sql server,How to Integrate QGIS with Sql,integration,1,low,False,qgis connect to sql server
qgis gdal integration,How to Integrate QGIS with Gd,integration,1,low,False,qgis gdal integration
qgis integration,How to Integrate QGIS with _General_,integration,1,low,False,qgis integration
mac how to uninstall qgis,mac how to uninstall qgis,other,1,low,False,mac how to uninstall qgis
qgis 3.4 slope analysis from dem step by step,qgis 3.4 slope analysis from dem step by step,other,1,low,False,qgis 3.4 slope analysis from dem step by step
qgis 3.4 slope analysis from points step by step,qgis 3.4 slope analysis from points step by step,other,1,low,False,qgis 3.4 slope analysis from points step by step
qgis 3.4 slope analysis step by step,qgis 3.4 slope analysis step by step,other,1,low,False,qgis 3.4 slope analysis step by step
qgis 3.4 slope analysis step by step from dem,qgis 3.4 slope analysis step by step from dem,other,1,low,False,qgis 3.4 slope analysis step by step from dem
qgis 3d map view how to,qgis 3d map view how to,other,1,low,False,qgis 3d map view how to
qgis 3d map view how to open,qgis 3d map view how to open,other,1,low,False,qgis 3d map view how to open
qgis 3d map view how to open view new 3d map view,qgis 3d map view how to open view new 3d map view,other,1,low,False,qgis 3d map view how to open view new 3d map view
qgis 3d map view how to use,qgis 3d map view how to use,other,1,low,False,qgis 3d map view how to use
qgis 3d view dem how to,qgis 3d view dem how to,other,1,low,False,qgis 3d view dem how to
qgis quickosm plugin how to use,qgis quickosm plugin how to use,other,1,low,False,qgis quickosm plugin how to use
qgis rename field how to,qgis rename field how to,other,1,low,False,qgis rename field how to
qgis 2.18 tutorial,qgis 2.18 tutorial,tutorial,1,low,False,qgis 2.18 tutorial
qgis 2.8 tutorial,qgis 2.8 tutorial,tutorial,1,low,False,qgis 2.8 tutorial
qgis 3 python tutorial,qgis 3 python tutorial,tutorial,1,low,False,qgis 3 python tutorial
qgis 3 tutorial,qgis 3 tutorial,tutorial,1,low,False,qgis 3 tutorial
qgis 3.2 tutorial,qgis 3.2 tutorial,tutorial,1,low,False,qgis 3.2 tutorial
qgis 3.4 gdal slope tool tutorial,qgis 3.4 gdal slope tool tutorial,tutorial,1,low,False,qgis 3.4 gdal slope tool tutorial
qgis 3.4 generate slope from dem tutorial,qgis 3.4 generate slope from dem tutorial,tutorial,1,low,False,qgis 3.4 generate slope from dem tutorial
qgis 3.4 slope analysis from points tutorial,qgis 3.4 slope analysis from points tutorial,tutorial,1,low,False,qgis 3.4 slope analysis from points tutorial
qgis 3.4 slope analysis tutorial,qgis 3.4 slope analysis tutorial,tutorial,1,low,False,qgis 3.4 slope analysis tutorial
qgis 3.4 slope analysis tutorial steps,qgis 3.4 slope analysis tutorial steps,tutorial,1,low,False,qgis 3.4 slope analysis tutorial steps
qgis 3.4 slope calculation tutorial,qgis 3.4 slope calculation tutorial,tutorial,1,low,False,qgis 3.4 slope calculation tutorial
qgis 3.4 slope map tutorial,qgis 3.4 slope map tutorial,tutorial,1,low,False,qgis 3.4 slope map tutorial
qgis 3.6 tutorial,qgis 3.6 tutorial,tutorial,1,low,False,qgis 3.6 tutorial
qgis 3.8 tutorial,qgis 3.8 tutorial,tutorial,1,low,False,qgis 3.8 tutorial
qgis 3.8 zanzibar tutorial,qgis 3.8 zanzibar tutorial,tutorial,1,low,False,qgis 3.8 zanzibar tutorial
qgis 3d map tutorial,qgis 3d map tutorial,tutorial,1,low,False,qgis 3d map tutorial
qgis 3d map view tutorial,qgis 3d map view tutorial,tutorial,1,low,False,qgis 3d map view tutorial
qgis 3d view dem tutorial,qgis 3d view dem tutorial,tutorial,1,low,False,qgis 3d view dem tutorial
qgis 3d visualization tutorial,qgis 3d visualization tutorial,tutorial,1,low,False,qgis 3d visualization tutorial
qgis add basemap tutorial,qgis add basemap tutorial,tutorial,1,low,False,qgis add basemap tutorial
qgis add delimited text layer tutorial,qgis add delimited text layer tutorial,tutorial,1,low,False,qgis add delimited text layer tutorial
qgis android tutorial,qgis android tutorial,tutorial,1,low,False,qgis android tutorial
qgis atlas tutorial,qgis atlas tutorial,tutorial,1,low,False,qgis atlas tutorial
qgis basic tutorial,qgis basic tutorial,tutorial,1,low,False,qgis basic tutorial
qgis basics tutorial,qgis basics tutorial,tutorial,1,low,False,qgis basics tutorial
qgis beginner tutorial,qgis beginner tutorial,tutorial,1,low,False,qgis beginner tutorial
qgis beginner tutorial step by step,qgis beginner tutorial step by step,tutorial,1,low,False,qgis beginner tutorial step by step
qgis buffer analysis tutorial,qgis buffer analysis tutorial,tutorial,1,low,False,qgis buffer analysis tutorial
qgis buffer tool tutorial,qgis buffer tool tutorial,tutorial,1,low,False,qgis buffer tool tutorial
qgis buffer tutorial,qgis buffer tutorial,tutorial,1,low,False,qgis buffer tutorial
qgis c++ plugin tutorial,qgis c++ plugin tutorial,tutorial,1,low,False,qgis c++ plugin tutorial
qgis choropleth map tutorial,qgis choropleth map tutorial,tutorial,1,low,False,qgis choropleth map tutorial
qgis classification tutorial,qgis classification tutorial,tutorial,1,low,False,qgis classification tutorial
qgis clip raster by mask layer tutorial,qgis clip raster by mask layer tutorial,tutorial,1,low,False,qgis clip raster by mask layer tutorial
qgis clip shapefile tutorial,qgis clip shapefile tutorial,tutorial,1,low,False,qgis clip shapefile tutorial
qgis clip tool tutorial,qgis clip tool tutorial,tutorial,1,low,False,qgis clip tool tutorial
qgis clip vector layer tutorial,qgis clip vector layer tutorial,tutorial,1,low,False,qgis clip vector layer tutorial
qgis cloud tutorial,qgis cloud tutorial,tutorial,1,low,False,qgis cloud tutorial
qgis composer tutorial,qgis composer tutorial,tutorial,1,low,False,qgis composer tutorial
qgis count points in polygon tutorial,qgis count points in polygon tutorial,tutorial,1,low,False,qgis count points in polygon tutorial
qgis create contours from dem tutorial,qgis create contours from dem tutorial,tutorial,1,low,False,qgis create contours from dem tutorial
qgis create map tutorial,qgis create map tutorial,tutorial,1,low,False,qgis create map tutorial
qgis dashboard tutorial,qgis dashboard tutorial,tutorial,1,low,False,qgis dashboard tutorial
qgis database tutorial,qgis database tutorial,tutorial,1,low,False,qgis database tutorial
qgis demto3d plugin tutorial,qgis demto3d plugin tutorial,tutorial,1,low,False,qgis demto3d plugin tutorial
qgis desktop tutorial,qgis desktop tutorial,tutorial,1,low,False,qgis desktop tutorial
qgis digitizing tutorial,qgis digitizing tutorial,tutorial,1,low,False,qgis digitizing tutorial
qgis draw polygon tutorial,qgis draw polygon tutorial,tutorial,1,low,False,qgis draw polygon tutorial
qgis drone mapping uses tutorial,qgis drone mapping uses tutorial,tutorial,1,low,False,qgis drone mapping uses tutorial
qgis field calculator tutorial,qgis field calculator tutorial,tutorial,1,low,False,qgis field calculator tutorial
qgis flood risk mapping tutorial,qgis flood risk mapping tutorial,tutorial,1,low,False,qgis flood risk mapping tutorial
qgis generate contours from dem tutorial,qgis generate contours from dem tutorial,tutorial,1,low,False,qgis generate contours from dem tutorial
qgis geopackage tutorial,qgis geopackage tutorial,tutorial,1,low,False,qgis geopackage tutorial
qgis georeference image tutorial,qgis georeference image tutorial,tutorial,1,low,False,qgis georeference image tutorial
qgis georeference raster tutorial,qgis georeference raster tutorial,tutorial,1,low,False,qgis georeference raster tutorial
qgis georeferencer tutorial,qgis georeferencer tutorial,tutorial,1,low,False,qgis georeferencer tutorial
qgis georeferencing tutorial,qgis georeferencing tutorial,tutorial,1,low,False,qgis georeferencing tutorial
qgis geoscience plugin tutorial,qgis geoscience plugin tutorial,tutorial,1,low,False,qgis geoscience plugin tutorial
qgis graphical modeler tutorial,qgis graphical modeler tutorial,tutorial,1,low,False,qgis graphical modeler tutorial
qgis grass tutorial,qgis grass tutorial,tutorial,1,low,False,qgis grass tutorial
qgis group stats plugin tutorial,qgis group stats plugin tutorial,tutorial,1,low,False,qgis group stats plugin tutorial
qgis heatmap tutorial,qgis heatmap tutorial,tutorial,1,low,False,qgis heatmap tutorial
qgis hillshade tutorial,qgis hillshade tutorial,tutorial,1,low,False,qgis hillshade tutorial
qgis horizontal legend columns tutorial,qgis horizontal legend columns tutorial,tutorial,1,low,False,qgis horizontal legend columns tutorial
qgis idw interpolation tutorial,qgis idw interpolation tutorial,tutorial,1,low,False,qgis idw interpolation tutorial
qgis import csv file tutorial,qgis import csv file tutorial,tutorial,1,low,False,qgis import csv file tutorial
qgis import shapefile tutorial,qgis import shapefile tutorial,tutorial,1,low,False,qgis import shapefile tutorial
qgis interface beginner tutorial,qgis interface beginner tutorial,tutorial,1,low,False,qgis interface beginner tutorial
qgis interface tutorial,qgis interface tutorial,tutorial,1,low,False,qgis interface tutorial
qgis interface tutorial screenshot,qgis interface tutorial screenshot,tutorial,1,low,False,qgis interface tutorial screenshot
qgis intersect tutorial,qgis intersect tutorial,tutorial,1,low,False,qgis intersect tutorial
qgis introduction tutorial,qgis introduction tutorial,tutorial,1,low,False,qgis introduction tutorial
qgis join attributes by location summary tutorial,qgis join attributes by location summary tutorial,tutorial,1,low,False,qgis join attributes by location summary tutorial
qgis join attributes by location tutorial,qgis join attributes by location tutorial,tutorial,1,low,False,qgis join attributes by location tutorial
qgis join csv to shapefile tutorial,qgis join csv to shapefile tutorial,tutorial,1,low,False,qgis join csv to shapefile tutorial
qgis layout tutorial,qgis layout tutorial,tutorial,1,low,False,qgis layout tutorial
qgis lidar tutorial,qgis lidar tutorial,tutorial,1,low,False,qgis lidar tutorial
qgis map creation tutorial,qgis map creation tutorial,tutorial,1,low,False,qgis map creation tutorial
qgis map layout tutorial,qgis map layout tutorial,tutorial,1,low,False,qgis map layout tutorial
qgis map tutorial,qgis map tutorial,tutorial,1,low,False,qgis map tutorial
qgis mapping tutorial,qgis mapping tutorial,tutorial,1,low,False,qgis mapping tutorial
qgis merge raster layers tutorial,qgis merge raster layers tutorial,tutorial,1,low,False,qgis merge raster layers tutorial
qgis merge vector layers tutorial,qgis merge vector layers tutorial,tutorial,1,low,False,qgis merge vector layers tutorial
qgis model builder tutorial,qgis model builder tutorial,tutorial,1,low,False,qgis model builder tutorial
qgis ndvi calculation tutorial,qgis ndvi calculation tutorial,tutorial,1,low,False,qgis ndvi calculation tutorial
qgis network analysis tutorial,qgis network analysis tutorial,tutorial,1,low,False,qgis network analysis tutorial
qgis openstreetmap tutorial,qgis openstreetmap tutorial,tutorial,1,low,False,qgis openstreetmap tutorial
qgis plugin development tutorial,qgis plugin development tutorial,tutorial,1,low,False,qgis plugin development tutorial
qgis plugin tutorial,qgis plugin tutorial,tutorial,1,low,False,qgis plugin tutorial
qgis postgresql tutorial,qgis postgresql tutorial,tutorial,1,low,False,qgis postgresql tutorial
qgis print composer tutorial,qgis print composer tutorial,tutorial,1,low,False,qgis print composer tutorial
qgis print layout tutorial,qgis print layout tutorial,tutorial,1,low,False,qgis print layout tutorial
qgis python console tutorial,qgis python console tutorial,tutorial,1,low,False,qgis python console tutorial
qgis python script tutorial,qgis python script tutorial,tutorial,1,low,False,qgis python script tutorial
qgis python tutorial,qgis python tutorial,tutorial,1,low,False,qgis python tutorial
qgis quickmapservices plugin tutorial,qgis quickmapservices plugin tutorial,tutorial,1,low,False,qgis quickmapservices plugin tutorial
qgis raster calculator ndvi tutorial,qgis raster calculator ndvi tutorial,tutorial,1,low,False,qgis raster calculator ndvi tutorial
qgis raster calculator tutorial,qgis raster calculator tutorial,tutorial,1,low,False,qgis raster calculator tutorial
qgis remote sensing tutorial,qgis remote sensing tutorial,tutorial,1,low,False,qgis remote sensing tutorial
qgis reproject layer tutorial,qgis reproject layer tutorial,tutorial,1,low,False,qgis reproject layer tutorial
qgis select by expression tutorial,qgis select by expression tutorial,tutorial,1,low,False,qgis select by expression tutorial
qgis select by location tutorial,qgis select by location tutorial,tutorial,1,low,False,qgis select by location tutorial
qgis server tutorial,qgis server tutorial,tutorial,1,low,False,qgis server tutorial
qgis shapefile import tutorial,qgis shapefile import tutorial,tutorial,1,low,False,qgis shapefile import tutorial
qgis slope analysis tutorial,qgis slope analysis tutorial,tutorial,1,low,False,qgis slope analysis tutorial
qgis software tutorial,qgis software tutorial,tutorial,1,low,False,qgis software tutorial
qgis spatial analysis tutorial,qgis spatial analysis tutorial,tutorial,1,low,False,qgis spatial analysis tutorial
qgis spatial join tutorial,qgis spatial join tutorial,tutorial,1,low,False,qgis spatial join tutorial
qgis supervised classification tutorial,qgis supervised classification tutorial,tutorial,1,low,False,qgis supervised classification tutorial
qgis video tutorial,qgis video tutorial,tutorial,1,low,False,qgis video tutorial
qgis viewshed analysis tutorial,qgis viewshed analysis tutorial,tutorial,1,low,False,qgis viewshed analysis tutorial
qgis viewshed tutorial,qgis viewshed tutorial,tutorial,1,low,False,qgis viewshed tutorial
qgis watershed analysis tutorial,qgis watershed analysis tutorial,tutorial,1,low,False,qgis watershed analysis tutorial
qgis watershed delineation tutorial,qgis watershed delineation tutorial,tutorial,1,low,False,qgis watershed delineation tutorial
qgis youtube tutorial,qgis youtube tutorial,tutorial,1,low,False,qgis youtube tutorial
qgis zonal statistics tutorial,qgis zonal statistics tutorial,tutorial,1,low,False,qgis zonal statistics tutorial
tutorial de qgis,tutorial de qgis,tutorial,1,low,False,tutorial de qgis
tutorial de qgis en español pdf,tutorial de qgis en español pdf,tutorial,1,low,False,tutorial de qgis en español pdf
tutorial qgis desde cero,tutorial qgis desde cero,tutorial,1,low,False,tutorial qgis desde cero
tutorial qgis español,tutorial qgis español,tutorial,1,low,False,tutorial qgis español
tutorial qgis importar coordenadas excel español,tutorial qgis importar coordenadas excel español,tutorial,1,low,False,tutorial qgis importar coordenadas excel español
tutorial qgis italiano,tutorial qgis italiano,tutorial,1,low,False,tutorial qgis italiano
