canonical_keyword,suggested_title,category,variant_count,signal_strength,source,frequency_count,all_variants
github copilot visual studio integration,github copilot visual studio integration,integration,9,high,volume_10+,,github copilot visual studio integration | github copilot integration visual studio | github copilot integration with visual studio | visual studio github copilot integration | github copilot visual studio code integration | visual studio code github copilot integration | github copilot integration visual studio code | github copilot visual studio 2022 integration | visual studio 2022 github copilot integration
github copilot claude sonnet integration,github copilot claude sonnet integration,integration,7,high,volume_10+,,github copilot claude sonnet integration | github copilot claude sonnet 4 integration | claude sonnet 4 github copilot integration | github copilot claude 3.5 sonnet integration | claude 3.5 sonnet github copilot integration | claude sonnet 4.5 github copilot integration | github copilot claude sonnet 4.5 integration
how to cancel github copilot subscription,How to cancel github copilot subscription,howto,6,high,volume_10+,,how to cancel github copilot subscription | cancel github copilot subscription how to | cancel github copilot subscription steps | github copilot cancel subscription steps | how to cancel my github copilot subscription | cancel github copilot subscription how to cancel
how to use github copilot agent,How to use github copilot agent,howto,5,high,volume_10+,,how to use github copilot agent | github copilot agent tutorial | github copilot agent how to use | github copilot agents tutorial | how to use github copilot agents
how to use github copilot agent mode,How to use github copilot agent mode,howto,4,medium,volume_10+,,github copilot agent mode tutorial | github copilot agent mode how to use | how to use github copilot agent mode | how to use agent mode in github copilot
github copilot xcode integration,github copilot xcode integration,integration,4,medium,volume_10+,,github copilot xcode integration | xcode github copilot integration | integrate github copilot with xcode | github copilot integration with xcode
how to use github copilot in intellij,How to use github copilot in intellij,howto,3,medium,volume_10+,,how to use github copilot in intellij | github copilot tutorial intellij | github copilot intellij tutorial
how to enable github copilot agent mode,How to enable github copilot agent mode,howto,3,medium,volume_10+,,how to enable agent mode in github copilot | github copilot agent mode how to enable | how to enable github copilot agent mode
how to enable github copilot,How to enable github copilot,howto,3,medium,volume_10+,,how to enable github copilot | how to activate github copilot | how to turn on github copilot
how to setup github copilot,How to setup github copilot,howto,3,medium,volume_10+,,how to set up github copilot | how to setup github copilot | github copilot setup steps
how to use github copilot cli,How to use github copilot cli,howto,3,medium,volume_10+,,how to use github copilot cli | github copilot cli how to use | github copilot cli tutorial
how to change github copilot model,How to change github copilot model,howto,3,medium,volume_10+,,how to change github copilot model | how to change model in github copilot | github copilot how to change model
github copilot chatgpt integration,github copilot chatgpt integration,integration,3,medium,volume_10+,,github copilot chatgpt integration | chatgpt github copilot integration | github copilot integration with chatgpt
github copilot azure devops integration,github copilot azure devops integration,integration,3,medium,volume_10+,,github copilot azure devops integration | azure devops github copilot integration | github copilot integration with azure devops
github copilot claude integration 2025,github copilot claude integration 2025,integration,3,medium,volume_10+,,github copilot claude integration 2025 | github copilot claude 4 integration 2025 | github copilot anthropic claude integration 2025
github copilot claude integration news,github copilot claude integration news,integration,3,medium,volume_10+,,github copilot claude opus integration news | github copilot claude opus 4.5 integration news | github copilot claude integration news
how to use github copilot in vscode,How to use github copilot in vscode,howto,2,low,volume_10+,,how to use github copilot in vscode | github copilot tutorial vscode
how to disable github copilot in vscode,How to disable github copilot in vscode,howto,2,low,volume_10+,,how to disable github copilot in vscode | how to turn off github copilot in vscode
how to get github copilot free,How to get github copilot free,howto,2,low,volume_10+,,how to get github copilot for free | how to get github copilot free
how to get github copilot,How to get github copilot,howto,2,low,volume_10+,,how to get github copilot | how to get the most out of github copilot
how to unsubscribe github copilot,How to unsubscribe github copilot,howto,2,low,volume_10+,,how to unsubscribe from github copilot | how to unsubscribe github copilot
how to add github copilot to intellij,How to add github copilot to intellij,howto,2,low,volume_10+,,how to add github copilot to intellij | how to add github copilot in intellij
how to see github copilot usage,How to see github copilot usage,howto,2,low,volume_10+,,how to check github copilot usage | how to see github copilot usage
how to disable github copilot,How to disable github copilot,howto,2,low,volume_10+,,how to disable github copilot | how to turn off github copilot
how to use github copilot in xcode,How to use github copilot in xcode,howto,2,low,volume_10+,,how to use github copilot in xcode | how to use github copilot with xcode
how to use github copilot for code review,How to use github copilot for code review,howto,2,low,volume_10+,,how to use github copilot for code review | how to do code review using github copilot
how to use github copilot coding agent,How to use github copilot coding agent,howto,2,low,volume_10+,,how to use github copilot coding agent | github copilot coding agent how to use
how to get github copilot api key,How to get github copilot api key,howto,2,low,volume_10+,,github copilot api key how to get | how to get github copilot api key
how to open github copilot in visual studio,How to open github copilot in visual studio,howto,2,low,volume_10+,,how to open github copilot chat in visual studio | how to open github copilot in visual studio
how to install github copilot in visual studio,How to install github copilot in visual studio,howto,2,low,volume_10+,,how to install github copilot in visual studio | how to install github copilot in visual studio 2022
how to add github copilot to visual studio,How to add github copilot to visual studio,howto,2,low,volume_10+,,how to add github copilot to visual studio | how to add github copilot to visual studio 2022
how to get github copilot for free as a student,How to get github copilot for free as a student,howto,2,low,volume_10+,,github copilot free for students how to get | how to get github copilot for free as a student
github copilot mcp integration,github copilot mcp integration,integration,2,low,volume_10+,,github copilot mcp integration | mcp github copilot integration
github copilot claude integration,github copilot claude integration,integration,2,low,volume_10+,,github copilot claude integration | github copilot claude 4 integration
cursor ide github copilot integration,cursor ide github copilot integration,integration,2,low,volume_10+,,cursor ide github copilot integration | github copilot cursor ide integration
github copilot mcp server integration,github copilot mcp server integration,integration,2,low,volume_10+,,github copilot mcp server integration | mcp server github copilot integration
github copilot intellij integration,github copilot intellij integration,integration,2,low,volume_10+,,github copilot intellij integration | integrate github copilot with intellij
github copilot eclipse integration,github copilot eclipse integration,integration,2,low,volume_10+,,github copilot eclipse integration | github copilot integration with eclipse
github copilot rstudio integration,github copilot rstudio integration,integration,2,low,volume_10+,,github copilot rstudio integration | rstudio github copilot integration
github copilot gitlab integration,github copilot gitlab integration,integration,2,low,volume_10+,,github copilot gitlab integration | github copilot integration with gitlab
model context protocol github copilot integration,model context protocol github copilot integration,integration,2,low,volume_10+,,model context protocol github copilot integration | github copilot model context protocol integration
github copilot chatgpt plus integration,github copilot chatgpt plus integration,integration,2,low,volume_10+,,github copilot chatgpt plus integration | chatgpt plus github copilot integration
github copilot gemini 2.5 pro integration,github copilot gemini 2.5 pro integration,integration,2,low,volume_10+,,github copilot gemini 2.5 pro integration | gemini 2.5 pro github copilot integration
github copilot matlab integration,github copilot matlab integration,integration,2,low,volume_10+,,github copilot matlab integration | github copilot integration with matlab
jetbrains rider github copilot integration,jetbrains rider github copilot integration,integration,2,low,volume_10+,,jetbrains rider github copilot integration | github copilot jetbrains rider integration
cursor github copilot integration,cursor github copilot integration,integration,2,low,volume_10+,,cursor github copilot integration | github copilot cursor integration
pycharm github copilot integration,pycharm github copilot integration,integration,2,low,volume_10+,,pycharm github copilot integration | github copilot pycharm integration
github copilot gpt-5 integration 2025,github copilot gpt-5 integration 2025,integration,2,low,volume_10+,,github copilot gpt-5 integration 2025 | github copilot gpt-5 integration august 2025
cursor editor github copilot integration,cursor editor github copilot integration,integration,2,low,volume_10+,,cursor code editor github copilot integration | cursor editor github copilot integration
github copilot cli how to get started oct 2025,github copilot cli how to get started oct 2025,other,2,low,volume_10+,,github copilot cli how to get started oct 13 2025 | github copilot cli how to get started oct 2025
github copilot beginner tutorial,github copilot beginner tutorial,tutorial,2,low,volume_10+,,github copilot tutorial beginners | github copilot beginner tutorial
